-- User 1
INSERT INTO Users VALUES (user1, user1password);
-- User1 favorites
INSERT INTO Favorites VALUES (user1, 467);
INSERT INTO Favorites VALUES (user1, 822);
INSERT INTO Favorites VALUES (user1, 174);
INSERT INTO Favorites VALUES (user1, 632);
INSERT INTO Favorites VALUES (user1, 1398);
--User1 Ratings
INSERT INTO Ratings VALUES (2, 546, user1);
INSERT INTO Ratings VALUES (3, 1456, user1);
INSERT INTO Ratings VALUES (5, 822, user1);

-- User 2
INSERT INTO Users VALUES (user2, user2password);
-- User2 favorites
INSERT INTO Favorites VALUES (user2, 367);
INSERT INTO Favorites VALUES (user2, 53);
--User2 Ratings
INSERT INTO Ratings VALUES (5, 367, user2)

-- User 3
INSERT INTO Users VALUES (user3, user3password);
-- User3 favorites
INSERT INTO Favorites VALUES (user3, 234);
INSERT INTO Favorites VALUES (user3, 3345);
INSERT INTO Favorites VALUES (user3, 1364);
INSERT INTO Favorites VALUES (user3, 136);
INSERT INTO Favorites VALUES (user3, 1234);
--User3 Ratings
INSERT INTO Ratings VALUES (5, 234, user3);
INSERT INTO Ratings VALUES (5, 3345, user3);
INSERT INTO Ratings VALUES (5, 1364, user3);
INSERT INTO Ratings VALUES (5, 136, user3);
INSERT INTO Ratings VALUES (5, 1234, user3);

-- User 4
INSERT INTO Users VALUES (user4, user4password);
-- User4 favorites
INSERT INTO Favorites VALUES (user4, 2795);
INSERT INTO Favorites VALUES (user4, 953);
INSERT INTO Favorites VALUES (user4, 9);
INSERT INTO Favorites VALUES (user4, 138);
INSERT INTO Favorites VALUES (user4, 80);
INSERT INTO Favorites VALUES (user4, 214);
INSERT INTO Favorites VALUES (user4, 1258);
INSERT INTO Favorites VALUES (user4, 39);
INSERT INTO Favorites VALUES (user4, 867);
--User4 Ratings
INSERT INTO Ratings VALUES (5, 953, user4);
INSERT INTO Ratings VALUES (4, 149, user4);
INSERT INTO Ratings VALUES (3, 154, user4);
INSERT INTO Ratings VALUES (4, 1, user4);
INSERT INTO Ratings VALUES (0, 52, user4);
INSERT INTO Ratings VALUES (3, 732, user4);
INSERT INTO Ratings VALUES (2, 443, user4);
INSERT INTO Ratings VALUES (1, 64, user4);
INSERT INTO Ratings VALUES (2, 676, user4);
INSERT INTO Ratings VALUES (4, 257, user4);
INSERT INTO Ratings VALUES (5, 80, user4);
INSERT INTO Ratings VALUES (2, 885, user4);
INSERT INTO Ratings VALUES (5, 167, user4);
INSERT INTO Ratings VALUES (2, 732, user4);
INSERT INTO Ratings VALUES (3, 4003, user4);

-- User 5
INSERT INTO Users VALUES (user5, user5password);
-- User5 favorites
INSERT INTO Favorites VALUES (user5, 385);
INSERT INTO Favorites VALUES (user5, 963);
INSERT INTO Favorites VALUES (user5, 10);
INSERT INTO Favorites VALUES (user5, 1784);
INSERT INTO Favorites VALUES (user5, 1214);
--User5 Ratings
INSERT INTO Ratings VALUES (4, 563, user5);
INSERT INTO Ratings VALUES (4, 621, user5);
INSERT INTO Ratings VALUES (2, 123, user5);
INSERT INTO Ratings VALUES (3, 902, user5);



-- User 6
INSERT INTO Users VALUES (user6, user6password);
--User6 Ratings
INSERT INTO Ratings VALUES (1, 0 , user6);
INSERT INTO Ratings VALUES (1, 1 , user6);
INSERT INTO Ratings VALUES (1, 2 , user6);
INSERT INTO Ratings VALUES (1, 3 , user6);
INSERT INTO Ratings VALUES (1, 4 , user6);
INSERT INTO Ratings VALUES (1, 5 , user6);
INSERT INTO Ratings VALUES (1, 6 , user6);
INSERT INTO Ratings VALUES (1, 7 , user6);
INSERT INTO Ratings VALUES (1, 8 , user6);
INSERT INTO Ratings VALUES (1, 9 , user6);
INSERT INTO Ratings VALUES (1, 10 , user6);
INSERT INTO Ratings VALUES (1, 11 , user6);
INSERT INTO Ratings VALUES (1, 12 , user6);
INSERT INTO Ratings VALUES (1, 13 , user6);
INSERT INTO Ratings VALUES (1, 14 , user6);
INSERT INTO Ratings VALUES (1, 15 , user6);
INSERT INTO Ratings VALUES (1, 16 , user6);
INSERT INTO Ratings VALUES (1, 17 , user6);
INSERT INTO Ratings VALUES (1, 18 , user6);
INSERT INTO Ratings VALUES (1, 19 , user6);
INSERT INTO Ratings VALUES (1, 20 , user6);
INSERT INTO Ratings VALUES (1, 21 , user6);
INSERT INTO Ratings VALUES (1, 22 , user6);
INSERT INTO Ratings VALUES (1, 23 , user6);
INSERT INTO Ratings VALUES (1, 24 , user6);
INSERT INTO Ratings VALUES (1, 25 , user6);
INSERT INTO Ratings VALUES (1, 26 , user6);
INSERT INTO Ratings VALUES (1, 27 , user6);
INSERT INTO Ratings VALUES (1, 28 , user6);
INSERT INTO Ratings VALUES (1, 29 , user6);
INSERT INTO Ratings VALUES (1, 30 , user6);
INSERT INTO Ratings VALUES (1, 31 , user6);
INSERT INTO Ratings VALUES (1, 32 , user6);
INSERT INTO Ratings VALUES (1, 33 , user6);
INSERT INTO Ratings VALUES (1, 34 , user6);
INSERT INTO Ratings VALUES (1, 35 , user6);
INSERT INTO Ratings VALUES (1, 36 , user6);
INSERT INTO Ratings VALUES (1, 37 , user6);
INSERT INTO Ratings VALUES (1, 38 , user6);
INSERT INTO Ratings VALUES (1, 39 , user6);
INSERT INTO Ratings VALUES (1, 40 , user6);
INSERT INTO Ratings VALUES (1, 41 , user6);
INSERT INTO Ratings VALUES (1, 42 , user6);
INSERT INTO Ratings VALUES (1, 43 , user6);
INSERT INTO Ratings VALUES (1, 44 , user6);
INSERT INTO Ratings VALUES (1, 45 , user6);
INSERT INTO Ratings VALUES (1, 46 , user6);
INSERT INTO Ratings VALUES (1, 47 , user6);
INSERT INTO Ratings VALUES (1, 48 , user6);
INSERT INTO Ratings VALUES (1, 49 , user6);
INSERT INTO Ratings VALUES (1, 50 , user6);
INSERT INTO Ratings VALUES (1, 51 , user6);
INSERT INTO Ratings VALUES (1, 52 , user6);
INSERT INTO Ratings VALUES (1, 53 , user6);
INSERT INTO Ratings VALUES (1, 54 , user6);
INSERT INTO Ratings VALUES (1, 55 , user6);
INSERT INTO Ratings VALUES (1, 56 , user6);
INSERT INTO Ratings VALUES (1, 57 , user6);
INSERT INTO Ratings VALUES (1, 58 , user6);
INSERT INTO Ratings VALUES (1, 59 , user6);
INSERT INTO Ratings VALUES (1, 60 , user6);
INSERT INTO Ratings VALUES (1, 61 , user6);
INSERT INTO Ratings VALUES (1, 62 , user6);
INSERT INTO Ratings VALUES (1, 63 , user6);
INSERT INTO Ratings VALUES (1, 64 , user6);
INSERT INTO Ratings VALUES (1, 65 , user6);
INSERT INTO Ratings VALUES (1, 66 , user6);
INSERT INTO Ratings VALUES (1, 67 , user6);
INSERT INTO Ratings VALUES (1, 68 , user6);
INSERT INTO Ratings VALUES (1, 69 , user6);
INSERT INTO Ratings VALUES (1, 70 , user6);
INSERT INTO Ratings VALUES (1, 71 , user6);
INSERT INTO Ratings VALUES (1, 72 , user6);
INSERT INTO Ratings VALUES (1, 73 , user6);
INSERT INTO Ratings VALUES (1, 74 , user6);
INSERT INTO Ratings VALUES (1, 75 , user6);
INSERT INTO Ratings VALUES (1, 76 , user6);
INSERT INTO Ratings VALUES (1, 77 , user6);
INSERT INTO Ratings VALUES (1, 78 , user6);
INSERT INTO Ratings VALUES (1, 79 , user6);
INSERT INTO Ratings VALUES (1, 80 , user6);
INSERT INTO Ratings VALUES (1, 81 , user6);
INSERT INTO Ratings VALUES (1, 82 , user6);
INSERT INTO Ratings VALUES (1, 83 , user6);
INSERT INTO Ratings VALUES (1, 84 , user6);
INSERT INTO Ratings VALUES (1, 85 , user6);
INSERT INTO Ratings VALUES (1, 86 , user6);
INSERT INTO Ratings VALUES (1, 87 , user6);
INSERT INTO Ratings VALUES (1, 88 , user6);
INSERT INTO Ratings VALUES (1, 89 , user6);
INSERT INTO Ratings VALUES (1, 90 , user6);
INSERT INTO Ratings VALUES (1, 91 , user6);
INSERT INTO Ratings VALUES (1, 92 , user6);
INSERT INTO Ratings VALUES (1, 93 , user6);
INSERT INTO Ratings VALUES (1, 94 , user6);
INSERT INTO Ratings VALUES (1, 95 , user6);
INSERT INTO Ratings VALUES (1, 96 , user6);
INSERT INTO Ratings VALUES (1, 97 , user6);
INSERT INTO Ratings VALUES (1, 98 , user6);
INSERT INTO Ratings VALUES (1, 99 , user6);
INSERT INTO Ratings VALUES (1, 100 , user6);
INSERT INTO Ratings VALUES (1, 101 , user6);
INSERT INTO Ratings VALUES (1, 102 , user6);
INSERT INTO Ratings VALUES (1, 103 , user6);
INSERT INTO Ratings VALUES (1, 104 , user6);
INSERT INTO Ratings VALUES (1, 105 , user6);
INSERT INTO Ratings VALUES (1, 106 , user6);
INSERT INTO Ratings VALUES (1, 107 , user6);
INSERT INTO Ratings VALUES (1, 108 , user6);
INSERT INTO Ratings VALUES (1, 109 , user6);
INSERT INTO Ratings VALUES (1, 110 , user6);
INSERT INTO Ratings VALUES (1, 111 , user6);
INSERT INTO Ratings VALUES (1, 112 , user6);
INSERT INTO Ratings VALUES (1, 113 , user6);
INSERT INTO Ratings VALUES (1, 114 , user6);
INSERT INTO Ratings VALUES (1, 115 , user6);
INSERT INTO Ratings VALUES (1, 116 , user6);
INSERT INTO Ratings VALUES (1, 117 , user6);
INSERT INTO Ratings VALUES (1, 118 , user6);
INSERT INTO Ratings VALUES (1, 119 , user6);
INSERT INTO Ratings VALUES (1, 120 , user6);
INSERT INTO Ratings VALUES (1, 121 , user6);
INSERT INTO Ratings VALUES (1, 122 , user6);
INSERT INTO Ratings VALUES (1, 123 , user6);
INSERT INTO Ratings VALUES (1, 124 , user6);
INSERT INTO Ratings VALUES (1, 125 , user6);
INSERT INTO Ratings VALUES (1, 126 , user6);
INSERT INTO Ratings VALUES (1, 127 , user6);
INSERT INTO Ratings VALUES (1, 128 , user6);
INSERT INTO Ratings VALUES (1, 129 , user6);
INSERT INTO Ratings VALUES (1, 130 , user6);
INSERT INTO Ratings VALUES (1, 131 , user6);
INSERT INTO Ratings VALUES (1, 132 , user6);
INSERT INTO Ratings VALUES (1, 133 , user6);
INSERT INTO Ratings VALUES (1, 134 , user6);
INSERT INTO Ratings VALUES (1, 135 , user6);
INSERT INTO Ratings VALUES (1, 136 , user6);
INSERT INTO Ratings VALUES (1, 137 , user6);
INSERT INTO Ratings VALUES (1, 138 , user6);
INSERT INTO Ratings VALUES (1, 139 , user6);
INSERT INTO Ratings VALUES (1, 140 , user6);
INSERT INTO Ratings VALUES (1, 141 , user6);
INSERT INTO Ratings VALUES (1, 142 , user6);
INSERT INTO Ratings VALUES (1, 143 , user6);
INSERT INTO Ratings VALUES (1, 144 , user6);
INSERT INTO Ratings VALUES (1, 145 , user6);
INSERT INTO Ratings VALUES (1, 146 , user6);
INSERT INTO Ratings VALUES (1, 147 , user6);
INSERT INTO Ratings VALUES (1, 148 , user6);
INSERT INTO Ratings VALUES (1, 149 , user6);
INSERT INTO Ratings VALUES (1, 150 , user6);
INSERT INTO Ratings VALUES (1, 151 , user6);
INSERT INTO Ratings VALUES (1, 152 , user6);
INSERT INTO Ratings VALUES (1, 153 , user6);
INSERT INTO Ratings VALUES (1, 154 , user6);
INSERT INTO Ratings VALUES (1, 155 , user6);
INSERT INTO Ratings VALUES (1, 156 , user6);
INSERT INTO Ratings VALUES (1, 157 , user6);
INSERT INTO Ratings VALUES (1, 158 , user6);
INSERT INTO Ratings VALUES (1, 159 , user6);
INSERT INTO Ratings VALUES (1, 160 , user6);
INSERT INTO Ratings VALUES (1, 161 , user6);
INSERT INTO Ratings VALUES (1, 162 , user6);
INSERT INTO Ratings VALUES (1, 163 , user6);
INSERT INTO Ratings VALUES (1, 164 , user6);
INSERT INTO Ratings VALUES (1, 165 , user6);
INSERT INTO Ratings VALUES (1, 166 , user6);
INSERT INTO Ratings VALUES (1, 167 , user6);
INSERT INTO Ratings VALUES (1, 168 , user6);
INSERT INTO Ratings VALUES (1, 169 , user6);
INSERT INTO Ratings VALUES (1, 170 , user6);
INSERT INTO Ratings VALUES (1, 171 , user6);
INSERT INTO Ratings VALUES (1, 172 , user6);
INSERT INTO Ratings VALUES (1, 173 , user6);
INSERT INTO Ratings VALUES (1, 174 , user6);
INSERT INTO Ratings VALUES (1, 175 , user6);
INSERT INTO Ratings VALUES (1, 176 , user6);
INSERT INTO Ratings VALUES (1, 177 , user6);
INSERT INTO Ratings VALUES (1, 178 , user6);
INSERT INTO Ratings VALUES (1, 179 , user6);
INSERT INTO Ratings VALUES (1, 180 , user6);
INSERT INTO Ratings VALUES (1, 181 , user6);
INSERT INTO Ratings VALUES (1, 182 , user6);
INSERT INTO Ratings VALUES (1, 183 , user6);
INSERT INTO Ratings VALUES (1, 184 , user6);
INSERT INTO Ratings VALUES (1, 185 , user6);
INSERT INTO Ratings VALUES (1, 186 , user6);
INSERT INTO Ratings VALUES (1, 187 , user6);
INSERT INTO Ratings VALUES (1, 188 , user6);
INSERT INTO Ratings VALUES (1, 189 , user6);
INSERT INTO Ratings VALUES (1, 190 , user6);
INSERT INTO Ratings VALUES (1, 191 , user6);
INSERT INTO Ratings VALUES (1, 192 , user6);
INSERT INTO Ratings VALUES (1, 193 , user6);
INSERT INTO Ratings VALUES (1, 194 , user6);
INSERT INTO Ratings VALUES (1, 195 , user6);
INSERT INTO Ratings VALUES (1, 196 , user6);
INSERT INTO Ratings VALUES (1, 197 , user6);
INSERT INTO Ratings VALUES (1, 198 , user6);
INSERT INTO Ratings VALUES (1, 199 , user6);
INSERT INTO Ratings VALUES (1, 200 , user6);
INSERT INTO Ratings VALUES (1, 201 , user6);
INSERT INTO Ratings VALUES (1, 202 , user6);
INSERT INTO Ratings VALUES (1, 203 , user6);
INSERT INTO Ratings VALUES (1, 204 , user6);
INSERT INTO Ratings VALUES (1, 205 , user6);
INSERT INTO Ratings VALUES (1, 206 , user6);
INSERT INTO Ratings VALUES (1, 207 , user6);
INSERT INTO Ratings VALUES (1, 208 , user6);
INSERT INTO Ratings VALUES (1, 209 , user6);
INSERT INTO Ratings VALUES (1, 210 , user6);
INSERT INTO Ratings VALUES (1, 211 , user6);
INSERT INTO Ratings VALUES (1, 212 , user6);
INSERT INTO Ratings VALUES (1, 213 , user6);
INSERT INTO Ratings VALUES (1, 214 , user6);
INSERT INTO Ratings VALUES (1, 215 , user6);
INSERT INTO Ratings VALUES (1, 216 , user6);
INSERT INTO Ratings VALUES (1, 217 , user6);
INSERT INTO Ratings VALUES (1, 218 , user6);
INSERT INTO Ratings VALUES (1, 219 , user6);
INSERT INTO Ratings VALUES (1, 220 , user6);
INSERT INTO Ratings VALUES (1, 221 , user6);
INSERT INTO Ratings VALUES (1, 222 , user6);
INSERT INTO Ratings VALUES (1, 223 , user6);
INSERT INTO Ratings VALUES (1, 224 , user6);
INSERT INTO Ratings VALUES (1, 225 , user6);
INSERT INTO Ratings VALUES (1, 226 , user6);
INSERT INTO Ratings VALUES (1, 227 , user6);
INSERT INTO Ratings VALUES (1, 228 , user6);
INSERT INTO Ratings VALUES (1, 229 , user6);
INSERT INTO Ratings VALUES (1, 230 , user6);
INSERT INTO Ratings VALUES (1, 231 , user6);
INSERT INTO Ratings VALUES (1, 232 , user6);
INSERT INTO Ratings VALUES (1, 233 , user6);
INSERT INTO Ratings VALUES (1, 234 , user6);
INSERT INTO Ratings VALUES (1, 235 , user6);
INSERT INTO Ratings VALUES (1, 236 , user6);
INSERT INTO Ratings VALUES (1, 237 , user6);
INSERT INTO Ratings VALUES (1, 238 , user6);
INSERT INTO Ratings VALUES (1, 239 , user6);
INSERT INTO Ratings VALUES (1, 240 , user6);
INSERT INTO Ratings VALUES (1, 241 , user6);
INSERT INTO Ratings VALUES (1, 242 , user6);
INSERT INTO Ratings VALUES (1, 243 , user6);
INSERT INTO Ratings VALUES (1, 244 , user6);
INSERT INTO Ratings VALUES (1, 245 , user6);
INSERT INTO Ratings VALUES (1, 246 , user6);
INSERT INTO Ratings VALUES (1, 247 , user6);
INSERT INTO Ratings VALUES (1, 248 , user6);
INSERT INTO Ratings VALUES (1, 249 , user6);
INSERT INTO Ratings VALUES (1, 250 , user6);
INSERT INTO Ratings VALUES (1, 251 , user6);
INSERT INTO Ratings VALUES (1, 252 , user6);
INSERT INTO Ratings VALUES (1, 253 , user6);
INSERT INTO Ratings VALUES (1, 254 , user6);
INSERT INTO Ratings VALUES (1, 255 , user6);
INSERT INTO Ratings VALUES (1, 256 , user6);
INSERT INTO Ratings VALUES (1, 257 , user6);
INSERT INTO Ratings VALUES (1, 258 , user6);
INSERT INTO Ratings VALUES (1, 259 , user6);
INSERT INTO Ratings VALUES (1, 260 , user6);
INSERT INTO Ratings VALUES (1, 261 , user6);
INSERT INTO Ratings VALUES (1, 262 , user6);
INSERT INTO Ratings VALUES (1, 263 , user6);
INSERT INTO Ratings VALUES (1, 264 , user6);
INSERT INTO Ratings VALUES (1, 265 , user6);
INSERT INTO Ratings VALUES (1, 266 , user6);
INSERT INTO Ratings VALUES (1, 267 , user6);
INSERT INTO Ratings VALUES (1, 268 , user6);
INSERT INTO Ratings VALUES (1, 269 , user6);
INSERT INTO Ratings VALUES (1, 270 , user6);
INSERT INTO Ratings VALUES (1, 271 , user6);
INSERT INTO Ratings VALUES (1, 272 , user6);
INSERT INTO Ratings VALUES (1, 273 , user6);
INSERT INTO Ratings VALUES (1, 274 , user6);
INSERT INTO Ratings VALUES (1, 275 , user6);
INSERT INTO Ratings VALUES (1, 276 , user6);
INSERT INTO Ratings VALUES (1, 277 , user6);
INSERT INTO Ratings VALUES (1, 278 , user6);
INSERT INTO Ratings VALUES (1, 279 , user6);
INSERT INTO Ratings VALUES (1, 280 , user6);
INSERT INTO Ratings VALUES (1, 281 , user6);
INSERT INTO Ratings VALUES (1, 282 , user6);
INSERT INTO Ratings VALUES (1, 283 , user6);
INSERT INTO Ratings VALUES (1, 284 , user6);
INSERT INTO Ratings VALUES (1, 285 , user6);
INSERT INTO Ratings VALUES (1, 286 , user6);
INSERT INTO Ratings VALUES (1, 287 , user6);
INSERT INTO Ratings VALUES (1, 288 , user6);
INSERT INTO Ratings VALUES (1, 289 , user6);
INSERT INTO Ratings VALUES (1, 290 , user6);
INSERT INTO Ratings VALUES (1, 291 , user6);
INSERT INTO Ratings VALUES (1, 292 , user6);
INSERT INTO Ratings VALUES (1, 293 , user6);
INSERT INTO Ratings VALUES (1, 294 , user6);
INSERT INTO Ratings VALUES (1, 295 , user6);
INSERT INTO Ratings VALUES (1, 296 , user6);
INSERT INTO Ratings VALUES (1, 297 , user6);
INSERT INTO Ratings VALUES (1, 298 , user6);
INSERT INTO Ratings VALUES (1, 299 , user6);
INSERT INTO Ratings VALUES (1, 300 , user6);
INSERT INTO Ratings VALUES (1, 301 , user6);
INSERT INTO Ratings VALUES (1, 302 , user6);
INSERT INTO Ratings VALUES (1, 303 , user6);
INSERT INTO Ratings VALUES (1, 304 , user6);
INSERT INTO Ratings VALUES (1, 305 , user6);
INSERT INTO Ratings VALUES (1, 306 , user6);
INSERT INTO Ratings VALUES (1, 307 , user6);
INSERT INTO Ratings VALUES (1, 308 , user6);
INSERT INTO Ratings VALUES (1, 309 , user6);
INSERT INTO Ratings VALUES (1, 310 , user6);
INSERT INTO Ratings VALUES (1, 311 , user6);
INSERT INTO Ratings VALUES (1, 312 , user6);
INSERT INTO Ratings VALUES (1, 313 , user6);
INSERT INTO Ratings VALUES (1, 314 , user6);
INSERT INTO Ratings VALUES (1, 315 , user6);
INSERT INTO Ratings VALUES (1, 316 , user6);
INSERT INTO Ratings VALUES (1, 317 , user6);
INSERT INTO Ratings VALUES (1, 318 , user6);
INSERT INTO Ratings VALUES (1, 319 , user6);
INSERT INTO Ratings VALUES (1, 320 , user6);
INSERT INTO Ratings VALUES (1, 321 , user6);
INSERT INTO Ratings VALUES (1, 322 , user6);
INSERT INTO Ratings VALUES (1, 323 , user6);
INSERT INTO Ratings VALUES (1, 324 , user6);
INSERT INTO Ratings VALUES (1, 325 , user6);
INSERT INTO Ratings VALUES (1, 326 , user6);
INSERT INTO Ratings VALUES (1, 327 , user6);
INSERT INTO Ratings VALUES (1, 328 , user6);
INSERT INTO Ratings VALUES (1, 329 , user6);
INSERT INTO Ratings VALUES (1, 330 , user6);
INSERT INTO Ratings VALUES (1, 331 , user6);
INSERT INTO Ratings VALUES (1, 332 , user6);
INSERT INTO Ratings VALUES (1, 333 , user6);
INSERT INTO Ratings VALUES (1, 334 , user6);
INSERT INTO Ratings VALUES (1, 335 , user6);
INSERT INTO Ratings VALUES (1, 336 , user6);
INSERT INTO Ratings VALUES (1, 337 , user6);
INSERT INTO Ratings VALUES (1, 338 , user6);
INSERT INTO Ratings VALUES (1, 339 , user6);
INSERT INTO Ratings VALUES (1, 340 , user6);
INSERT INTO Ratings VALUES (1, 341 , user6);
INSERT INTO Ratings VALUES (1, 342 , user6);
INSERT INTO Ratings VALUES (1, 343 , user6);
INSERT INTO Ratings VALUES (1, 344 , user6);
INSERT INTO Ratings VALUES (1, 345 , user6);
INSERT INTO Ratings VALUES (1, 346 , user6);
INSERT INTO Ratings VALUES (1, 347 , user6);
INSERT INTO Ratings VALUES (1, 348 , user6);
INSERT INTO Ratings VALUES (1, 349 , user6);
INSERT INTO Ratings VALUES (1, 350 , user6);
INSERT INTO Ratings VALUES (1, 351 , user6);
INSERT INTO Ratings VALUES (1, 352 , user6);
INSERT INTO Ratings VALUES (1, 353 , user6);
INSERT INTO Ratings VALUES (1, 354 , user6);
INSERT INTO Ratings VALUES (1, 355 , user6);
INSERT INTO Ratings VALUES (1, 356 , user6);
INSERT INTO Ratings VALUES (1, 357 , user6);
INSERT INTO Ratings VALUES (1, 358 , user6);
INSERT INTO Ratings VALUES (1, 359 , user6);
INSERT INTO Ratings VALUES (1, 360 , user6);
INSERT INTO Ratings VALUES (1, 361 , user6);
INSERT INTO Ratings VALUES (1, 362 , user6);
INSERT INTO Ratings VALUES (1, 363 , user6);
INSERT INTO Ratings VALUES (1, 364 , user6);
INSERT INTO Ratings VALUES (1, 365 , user6);
INSERT INTO Ratings VALUES (1, 366 , user6);
INSERT INTO Ratings VALUES (1, 367 , user6);
INSERT INTO Ratings VALUES (1, 368 , user6);
INSERT INTO Ratings VALUES (1, 369 , user6);
INSERT INTO Ratings VALUES (1, 370 , user6);
INSERT INTO Ratings VALUES (1, 371 , user6);
INSERT INTO Ratings VALUES (1, 372 , user6);
INSERT INTO Ratings VALUES (1, 373 , user6);
INSERT INTO Ratings VALUES (1, 374 , user6);
INSERT INTO Ratings VALUES (1, 375 , user6);
INSERT INTO Ratings VALUES (1, 376 , user6);
INSERT INTO Ratings VALUES (1, 377 , user6);
INSERT INTO Ratings VALUES (1, 378 , user6);
INSERT INTO Ratings VALUES (1, 379 , user6);
INSERT INTO Ratings VALUES (1, 380 , user6);
INSERT INTO Ratings VALUES (1, 381 , user6);
INSERT INTO Ratings VALUES (1, 382 , user6);
INSERT INTO Ratings VALUES (1, 383 , user6);
INSERT INTO Ratings VALUES (1, 384 , user6);
INSERT INTO Ratings VALUES (1, 385 , user6);
INSERT INTO Ratings VALUES (1, 386 , user6);
INSERT INTO Ratings VALUES (1, 387 , user6);
INSERT INTO Ratings VALUES (1, 388 , user6);
INSERT INTO Ratings VALUES (1, 389 , user6);
INSERT INTO Ratings VALUES (1, 390 , user6);
INSERT INTO Ratings VALUES (1, 391 , user6);
INSERT INTO Ratings VALUES (1, 392 , user6);
INSERT INTO Ratings VALUES (1, 393 , user6);
INSERT INTO Ratings VALUES (1, 394 , user6);
INSERT INTO Ratings VALUES (1, 395 , user6);
INSERT INTO Ratings VALUES (1, 396 , user6);
INSERT INTO Ratings VALUES (1, 397 , user6);
INSERT INTO Ratings VALUES (1, 398 , user6);
INSERT INTO Ratings VALUES (1, 399 , user6);
INSERT INTO Ratings VALUES (1, 400 , user6);
INSERT INTO Ratings VALUES (1, 401 , user6);
INSERT INTO Ratings VALUES (1, 402 , user6);
INSERT INTO Ratings VALUES (1, 403 , user6);
INSERT INTO Ratings VALUES (1, 404 , user6);
INSERT INTO Ratings VALUES (1, 405 , user6);
INSERT INTO Ratings VALUES (1, 406 , user6);
INSERT INTO Ratings VALUES (1, 407 , user6);
INSERT INTO Ratings VALUES (1, 408 , user6);
INSERT INTO Ratings VALUES (1, 409 , user6);
INSERT INTO Ratings VALUES (1, 410 , user6);
INSERT INTO Ratings VALUES (1, 411 , user6);
INSERT INTO Ratings VALUES (1, 412 , user6);
INSERT INTO Ratings VALUES (1, 413 , user6);
INSERT INTO Ratings VALUES (1, 414 , user6);
INSERT INTO Ratings VALUES (1, 415 , user6);
INSERT INTO Ratings VALUES (1, 416 , user6);
INSERT INTO Ratings VALUES (1, 417 , user6);
INSERT INTO Ratings VALUES (1, 418 , user6);
INSERT INTO Ratings VALUES (1, 419 , user6);
INSERT INTO Ratings VALUES (1, 420 , user6);
INSERT INTO Ratings VALUES (1, 421 , user6);
INSERT INTO Ratings VALUES (1, 422 , user6);
INSERT INTO Ratings VALUES (1, 423 , user6);
INSERT INTO Ratings VALUES (1, 424 , user6);
INSERT INTO Ratings VALUES (1, 425 , user6);
INSERT INTO Ratings VALUES (1, 426 , user6);
INSERT INTO Ratings VALUES (1, 427 , user6);
INSERT INTO Ratings VALUES (1, 428 , user6);
INSERT INTO Ratings VALUES (1, 429 , user6);
INSERT INTO Ratings VALUES (1, 430 , user6);
INSERT INTO Ratings VALUES (1, 431 , user6);
INSERT INTO Ratings VALUES (1, 432 , user6);
INSERT INTO Ratings VALUES (1, 433 , user6);
INSERT INTO Ratings VALUES (1, 434 , user6);
INSERT INTO Ratings VALUES (1, 435 , user6);
INSERT INTO Ratings VALUES (1, 436 , user6);
INSERT INTO Ratings VALUES (1, 437 , user6);
INSERT INTO Ratings VALUES (1, 438 , user6);
INSERT INTO Ratings VALUES (1, 439 , user6);
INSERT INTO Ratings VALUES (1, 440 , user6);
INSERT INTO Ratings VALUES (1, 441 , user6);
INSERT INTO Ratings VALUES (1, 442 , user6);
INSERT INTO Ratings VALUES (1, 443 , user6);
INSERT INTO Ratings VALUES (1, 444 , user6);
INSERT INTO Ratings VALUES (1, 445 , user6);
INSERT INTO Ratings VALUES (1, 446 , user6);
INSERT INTO Ratings VALUES (1, 447 , user6);
INSERT INTO Ratings VALUES (1, 448 , user6);
INSERT INTO Ratings VALUES (1, 449 , user6);
INSERT INTO Ratings VALUES (1, 450 , user6);
INSERT INTO Ratings VALUES (1, 451 , user6);
INSERT INTO Ratings VALUES (1, 452 , user6);
INSERT INTO Ratings VALUES (1, 453 , user6);
INSERT INTO Ratings VALUES (1, 454 , user6);
INSERT INTO Ratings VALUES (1, 455 , user6);
INSERT INTO Ratings VALUES (1, 456 , user6);
INSERT INTO Ratings VALUES (1, 457 , user6);
INSERT INTO Ratings VALUES (1, 458 , user6);
INSERT INTO Ratings VALUES (1, 459 , user6);
INSERT INTO Ratings VALUES (1, 460 , user6);
INSERT INTO Ratings VALUES (1, 461 , user6);
INSERT INTO Ratings VALUES (1, 462 , user6);
INSERT INTO Ratings VALUES (1, 463 , user6);
INSERT INTO Ratings VALUES (1, 464 , user6);
INSERT INTO Ratings VALUES (1, 465 , user6);
INSERT INTO Ratings VALUES (1, 466 , user6);
INSERT INTO Ratings VALUES (1, 467 , user6);
INSERT INTO Ratings VALUES (1, 468 , user6);
INSERT INTO Ratings VALUES (1, 469 , user6);
INSERT INTO Ratings VALUES (1, 470 , user6);
INSERT INTO Ratings VALUES (1, 471 , user6);
INSERT INTO Ratings VALUES (1, 472 , user6);
INSERT INTO Ratings VALUES (1, 473 , user6);
INSERT INTO Ratings VALUES (1, 474 , user6);
INSERT INTO Ratings VALUES (1, 475 , user6);
INSERT INTO Ratings VALUES (1, 476 , user6);
INSERT INTO Ratings VALUES (1, 477 , user6);
INSERT INTO Ratings VALUES (1, 478 , user6);
INSERT INTO Ratings VALUES (1, 479 , user6);
INSERT INTO Ratings VALUES (1, 480 , user6);
INSERT INTO Ratings VALUES (1, 481 , user6);
INSERT INTO Ratings VALUES (1, 482 , user6);
INSERT INTO Ratings VALUES (1, 483 , user6);
INSERT INTO Ratings VALUES (1, 484 , user6);
INSERT INTO Ratings VALUES (1, 485 , user6);
INSERT INTO Ratings VALUES (1, 486 , user6);
INSERT INTO Ratings VALUES (1, 487 , user6);
INSERT INTO Ratings VALUES (1, 488 , user6);
INSERT INTO Ratings VALUES (1, 489 , user6);
INSERT INTO Ratings VALUES (1, 490 , user6);
INSERT INTO Ratings VALUES (1, 491 , user6);
INSERT INTO Ratings VALUES (1, 492 , user6);
INSERT INTO Ratings VALUES (1, 493 , user6);
INSERT INTO Ratings VALUES (1, 494 , user6);
INSERT INTO Ratings VALUES (1, 495 , user6);
INSERT INTO Ratings VALUES (1, 496 , user6);
INSERT INTO Ratings VALUES (1, 497 , user6);
INSERT INTO Ratings VALUES (1, 498 , user6);
INSERT INTO Ratings VALUES (1, 499 , user6);
INSERT INTO Ratings VALUES (1, 500 , user6);
INSERT INTO Ratings VALUES (1, 501 , user6);
INSERT INTO Ratings VALUES (1, 502 , user6);
INSERT INTO Ratings VALUES (1, 503 , user6);
INSERT INTO Ratings VALUES (1, 504 , user6);
INSERT INTO Ratings VALUES (1, 505 , user6);
INSERT INTO Ratings VALUES (1, 506 , user6);
INSERT INTO Ratings VALUES (1, 507 , user6);
INSERT INTO Ratings VALUES (1, 508 , user6);
INSERT INTO Ratings VALUES (1, 509 , user6);
INSERT INTO Ratings VALUES (1, 510 , user6);
INSERT INTO Ratings VALUES (1, 511 , user6);
INSERT INTO Ratings VALUES (1, 512 , user6);
INSERT INTO Ratings VALUES (1, 513 , user6);
INSERT INTO Ratings VALUES (1, 514 , user6);
INSERT INTO Ratings VALUES (1, 515 , user6);
INSERT INTO Ratings VALUES (1, 516 , user6);
INSERT INTO Ratings VALUES (1, 517 , user6);
INSERT INTO Ratings VALUES (1, 518 , user6);
INSERT INTO Ratings VALUES (1, 519 , user6);
INSERT INTO Ratings VALUES (1, 520 , user6);
INSERT INTO Ratings VALUES (1, 521 , user6);
INSERT INTO Ratings VALUES (1, 522 , user6);
INSERT INTO Ratings VALUES (1, 523 , user6);
INSERT INTO Ratings VALUES (1, 524 , user6);
INSERT INTO Ratings VALUES (1, 525 , user6);
INSERT INTO Ratings VALUES (1, 526 , user6);
INSERT INTO Ratings VALUES (1, 527 , user6);
INSERT INTO Ratings VALUES (1, 528 , user6);
INSERT INTO Ratings VALUES (1, 529 , user6);
INSERT INTO Ratings VALUES (1, 530 , user6);
INSERT INTO Ratings VALUES (1, 531 , user6);
INSERT INTO Ratings VALUES (1, 532 , user6);
INSERT INTO Ratings VALUES (1, 533 , user6);
INSERT INTO Ratings VALUES (1, 534 , user6);
INSERT INTO Ratings VALUES (1, 535 , user6);
INSERT INTO Ratings VALUES (1, 536 , user6);
INSERT INTO Ratings VALUES (1, 537 , user6);
INSERT INTO Ratings VALUES (1, 538 , user6);
INSERT INTO Ratings VALUES (1, 539 , user6);
INSERT INTO Ratings VALUES (1, 540 , user6);
INSERT INTO Ratings VALUES (1, 541 , user6);
INSERT INTO Ratings VALUES (1, 542 , user6);
INSERT INTO Ratings VALUES (1, 543 , user6);
INSERT INTO Ratings VALUES (1, 544 , user6);
INSERT INTO Ratings VALUES (1, 545 , user6);
INSERT INTO Ratings VALUES (1, 546 , user6);
INSERT INTO Ratings VALUES (1, 547 , user6);
INSERT INTO Ratings VALUES (1, 548 , user6);
INSERT INTO Ratings VALUES (1, 549 , user6);
INSERT INTO Ratings VALUES (1, 550 , user6);
INSERT INTO Ratings VALUES (1, 551 , user6);
INSERT INTO Ratings VALUES (1, 552 , user6);
INSERT INTO Ratings VALUES (1, 553 , user6);
INSERT INTO Ratings VALUES (1, 554 , user6);
INSERT INTO Ratings VALUES (1, 555 , user6);
INSERT INTO Ratings VALUES (1, 556 , user6);
INSERT INTO Ratings VALUES (1, 557 , user6);
INSERT INTO Ratings VALUES (1, 558 , user6);
INSERT INTO Ratings VALUES (1, 559 , user6);
INSERT INTO Ratings VALUES (1, 560 , user6);
INSERT INTO Ratings VALUES (1, 561 , user6);
INSERT INTO Ratings VALUES (1, 562 , user6);
INSERT INTO Ratings VALUES (1, 563 , user6);
INSERT INTO Ratings VALUES (1, 564 , user6);
INSERT INTO Ratings VALUES (1, 565 , user6);
INSERT INTO Ratings VALUES (1, 566 , user6);
INSERT INTO Ratings VALUES (1, 567 , user6);
INSERT INTO Ratings VALUES (1, 568 , user6);
INSERT INTO Ratings VALUES (1, 569 , user6);
INSERT INTO Ratings VALUES (1, 570 , user6);
INSERT INTO Ratings VALUES (1, 571 , user6);
INSERT INTO Ratings VALUES (1, 572 , user6);
INSERT INTO Ratings VALUES (1, 573 , user6);
INSERT INTO Ratings VALUES (1, 574 , user6);
INSERT INTO Ratings VALUES (1, 575 , user6);
INSERT INTO Ratings VALUES (1, 576 , user6);
INSERT INTO Ratings VALUES (1, 577 , user6);
INSERT INTO Ratings VALUES (1, 578 , user6);
INSERT INTO Ratings VALUES (1, 579 , user6);
INSERT INTO Ratings VALUES (1, 580 , user6);
INSERT INTO Ratings VALUES (1, 581 , user6);
INSERT INTO Ratings VALUES (1, 582 , user6);
INSERT INTO Ratings VALUES (1, 583 , user6);
INSERT INTO Ratings VALUES (1, 584 , user6);
INSERT INTO Ratings VALUES (1, 585 , user6);
INSERT INTO Ratings VALUES (1, 586 , user6);
INSERT INTO Ratings VALUES (1, 587 , user6);
INSERT INTO Ratings VALUES (1, 588 , user6);
INSERT INTO Ratings VALUES (1, 589 , user6);
INSERT INTO Ratings VALUES (1, 590 , user6);
INSERT INTO Ratings VALUES (1, 591 , user6);
INSERT INTO Ratings VALUES (1, 592 , user6);
INSERT INTO Ratings VALUES (1, 593 , user6);
INSERT INTO Ratings VALUES (1, 594 , user6);
INSERT INTO Ratings VALUES (1, 595 , user6);
INSERT INTO Ratings VALUES (1, 596 , user6);
INSERT INTO Ratings VALUES (1, 597 , user6);
INSERT INTO Ratings VALUES (1, 598 , user6);
INSERT INTO Ratings VALUES (1, 599 , user6);
INSERT INTO Ratings VALUES (1, 600 , user6);
INSERT INTO Ratings VALUES (1, 601 , user6);
INSERT INTO Ratings VALUES (1, 602 , user6);
INSERT INTO Ratings VALUES (1, 603 , user6);
INSERT INTO Ratings VALUES (1, 604 , user6);
INSERT INTO Ratings VALUES (1, 605 , user6);
INSERT INTO Ratings VALUES (1, 606 , user6);
INSERT INTO Ratings VALUES (1, 607 , user6);
INSERT INTO Ratings VALUES (1, 608 , user6);
INSERT INTO Ratings VALUES (1, 609 , user6);
INSERT INTO Ratings VALUES (1, 610 , user6);
INSERT INTO Ratings VALUES (1, 611 , user6);
INSERT INTO Ratings VALUES (1, 612 , user6);
INSERT INTO Ratings VALUES (1, 613 , user6);
INSERT INTO Ratings VALUES (1, 614 , user6);
INSERT INTO Ratings VALUES (1, 615 , user6);
INSERT INTO Ratings VALUES (1, 616 , user6);
INSERT INTO Ratings VALUES (1, 617 , user6);
INSERT INTO Ratings VALUES (1, 618 , user6);
INSERT INTO Ratings VALUES (1, 619 , user6);
INSERT INTO Ratings VALUES (1, 620 , user6);
INSERT INTO Ratings VALUES (1, 621 , user6);
INSERT INTO Ratings VALUES (1, 622 , user6);
INSERT INTO Ratings VALUES (1, 623 , user6);
INSERT INTO Ratings VALUES (1, 624 , user6);
INSERT INTO Ratings VALUES (1, 625 , user6);
INSERT INTO Ratings VALUES (1, 626 , user6);
INSERT INTO Ratings VALUES (1, 627 , user6);
INSERT INTO Ratings VALUES (1, 628 , user6);
INSERT INTO Ratings VALUES (1, 629 , user6);
INSERT INTO Ratings VALUES (1, 630 , user6);
INSERT INTO Ratings VALUES (1, 631 , user6);
INSERT INTO Ratings VALUES (1, 632 , user6);
INSERT INTO Ratings VALUES (1, 633 , user6);
INSERT INTO Ratings VALUES (1, 634 , user6);
INSERT INTO Ratings VALUES (1, 635 , user6);
INSERT INTO Ratings VALUES (1, 636 , user6);
INSERT INTO Ratings VALUES (1, 637 , user6);
INSERT INTO Ratings VALUES (1, 638 , user6);
INSERT INTO Ratings VALUES (1, 639 , user6);
INSERT INTO Ratings VALUES (1, 640 , user6);
INSERT INTO Ratings VALUES (1, 641 , user6);
INSERT INTO Ratings VALUES (1, 642 , user6);
INSERT INTO Ratings VALUES (1, 643 , user6);
INSERT INTO Ratings VALUES (1, 644 , user6);
INSERT INTO Ratings VALUES (1, 645 , user6);
INSERT INTO Ratings VALUES (1, 646 , user6);
INSERT INTO Ratings VALUES (1, 647 , user6);
INSERT INTO Ratings VALUES (1, 648 , user6);
INSERT INTO Ratings VALUES (1, 649 , user6);
INSERT INTO Ratings VALUES (1, 650 , user6);
INSERT INTO Ratings VALUES (1, 651 , user6);
INSERT INTO Ratings VALUES (1, 652 , user6);
INSERT INTO Ratings VALUES (1, 653 , user6);
INSERT INTO Ratings VALUES (1, 654 , user6);
INSERT INTO Ratings VALUES (1, 655 , user6);
INSERT INTO Ratings VALUES (1, 656 , user6);
INSERT INTO Ratings VALUES (1, 657 , user6);
INSERT INTO Ratings VALUES (1, 658 , user6);
INSERT INTO Ratings VALUES (1, 659 , user6);
INSERT INTO Ratings VALUES (1, 660 , user6);
INSERT INTO Ratings VALUES (1, 661 , user6);
INSERT INTO Ratings VALUES (1, 662 , user6);
INSERT INTO Ratings VALUES (1, 663 , user6);
INSERT INTO Ratings VALUES (1, 664 , user6);
INSERT INTO Ratings VALUES (1, 665 , user6);
INSERT INTO Ratings VALUES (1, 666 , user6);
INSERT INTO Ratings VALUES (1, 667 , user6);
INSERT INTO Ratings VALUES (1, 668 , user6);
INSERT INTO Ratings VALUES (1, 669 , user6);
INSERT INTO Ratings VALUES (1, 670 , user6);
INSERT INTO Ratings VALUES (1, 671 , user6);
INSERT INTO Ratings VALUES (1, 672 , user6);
INSERT INTO Ratings VALUES (1, 673 , user6);
INSERT INTO Ratings VALUES (1, 674 , user6);
INSERT INTO Ratings VALUES (1, 675 , user6);
INSERT INTO Ratings VALUES (1, 676 , user6);
INSERT INTO Ratings VALUES (1, 677 , user6);
INSERT INTO Ratings VALUES (1, 678 , user6);
INSERT INTO Ratings VALUES (1, 679 , user6);
INSERT INTO Ratings VALUES (1, 680 , user6);
INSERT INTO Ratings VALUES (1, 681 , user6);
INSERT INTO Ratings VALUES (1, 682 , user6);
INSERT INTO Ratings VALUES (1, 683 , user6);
INSERT INTO Ratings VALUES (1, 684 , user6);
INSERT INTO Ratings VALUES (1, 685 , user6);
INSERT INTO Ratings VALUES (1, 686 , user6);
INSERT INTO Ratings VALUES (1, 687 , user6);
INSERT INTO Ratings VALUES (1, 688 , user6);
INSERT INTO Ratings VALUES (1, 689 , user6);
INSERT INTO Ratings VALUES (1, 690 , user6);
INSERT INTO Ratings VALUES (1, 691 , user6);
INSERT INTO Ratings VALUES (1, 692 , user6);
INSERT INTO Ratings VALUES (1, 693 , user6);
INSERT INTO Ratings VALUES (1, 694 , user6);
INSERT INTO Ratings VALUES (1, 695 , user6);
INSERT INTO Ratings VALUES (1, 696 , user6);
INSERT INTO Ratings VALUES (1, 697 , user6);
INSERT INTO Ratings VALUES (1, 698 , user6);
INSERT INTO Ratings VALUES (1, 699 , user6);
INSERT INTO Ratings VALUES (1, 700 , user6);
INSERT INTO Ratings VALUES (1, 701 , user6);
INSERT INTO Ratings VALUES (1, 702 , user6);
INSERT INTO Ratings VALUES (1, 703 , user6);
INSERT INTO Ratings VALUES (1, 704 , user6);
INSERT INTO Ratings VALUES (1, 705 , user6);
INSERT INTO Ratings VALUES (1, 706 , user6);
INSERT INTO Ratings VALUES (1, 707 , user6);
INSERT INTO Ratings VALUES (1, 708 , user6);
INSERT INTO Ratings VALUES (1, 709 , user6);
INSERT INTO Ratings VALUES (1, 710 , user6);
INSERT INTO Ratings VALUES (1, 711 , user6);
INSERT INTO Ratings VALUES (1, 712 , user6);
INSERT INTO Ratings VALUES (1, 713 , user6);
INSERT INTO Ratings VALUES (1, 714 , user6);
INSERT INTO Ratings VALUES (1, 715 , user6);
INSERT INTO Ratings VALUES (1, 716 , user6);
INSERT INTO Ratings VALUES (1, 717 , user6);
INSERT INTO Ratings VALUES (1, 718 , user6);
INSERT INTO Ratings VALUES (1, 719 , user6);
INSERT INTO Ratings VALUES (1, 720 , user6);
INSERT INTO Ratings VALUES (1, 721 , user6);
INSERT INTO Ratings VALUES (1, 722 , user6);
INSERT INTO Ratings VALUES (1, 723 , user6);
INSERT INTO Ratings VALUES (1, 724 , user6);
INSERT INTO Ratings VALUES (1, 725 , user6);
INSERT INTO Ratings VALUES (1, 726 , user6);
INSERT INTO Ratings VALUES (1, 727 , user6);
INSERT INTO Ratings VALUES (1, 728 , user6);
INSERT INTO Ratings VALUES (1, 729 , user6);
INSERT INTO Ratings VALUES (1, 730 , user6);
INSERT INTO Ratings VALUES (1, 731 , user6);
INSERT INTO Ratings VALUES (1, 732 , user6);
INSERT INTO Ratings VALUES (1, 733 , user6);
INSERT INTO Ratings VALUES (1, 734 , user6);
INSERT INTO Ratings VALUES (1, 735 , user6);
INSERT INTO Ratings VALUES (1, 736 , user6);
INSERT INTO Ratings VALUES (1, 737 , user6);
INSERT INTO Ratings VALUES (1, 738 , user6);
INSERT INTO Ratings VALUES (1, 739 , user6);
INSERT INTO Ratings VALUES (1, 740 , user6);
INSERT INTO Ratings VALUES (1, 741 , user6);
INSERT INTO Ratings VALUES (1, 742 , user6);
INSERT INTO Ratings VALUES (1, 743 , user6);
INSERT INTO Ratings VALUES (1, 744 , user6);
INSERT INTO Ratings VALUES (1, 745 , user6);
INSERT INTO Ratings VALUES (1, 746 , user6);
INSERT INTO Ratings VALUES (1, 747 , user6);
INSERT INTO Ratings VALUES (1, 748 , user6);
INSERT INTO Ratings VALUES (1, 749 , user6);
INSERT INTO Ratings VALUES (1, 750 , user6);
INSERT INTO Ratings VALUES (1, 751 , user6);
INSERT INTO Ratings VALUES (1, 752 , user6);
INSERT INTO Ratings VALUES (1, 753 , user6);
INSERT INTO Ratings VALUES (1, 754 , user6);
INSERT INTO Ratings VALUES (1, 755 , user6);
INSERT INTO Ratings VALUES (1, 756 , user6);
INSERT INTO Ratings VALUES (1, 757 , user6);
INSERT INTO Ratings VALUES (1, 758 , user6);
INSERT INTO Ratings VALUES (1, 759 , user6);
INSERT INTO Ratings VALUES (1, 760 , user6);
INSERT INTO Ratings VALUES (1, 761 , user6);
INSERT INTO Ratings VALUES (1, 762 , user6);
INSERT INTO Ratings VALUES (1, 763 , user6);
INSERT INTO Ratings VALUES (1, 764 , user6);
INSERT INTO Ratings VALUES (1, 765 , user6);
INSERT INTO Ratings VALUES (1, 766 , user6);
INSERT INTO Ratings VALUES (1, 767 , user6);
INSERT INTO Ratings VALUES (1, 768 , user6);
INSERT INTO Ratings VALUES (1, 769 , user6);
INSERT INTO Ratings VALUES (1, 770 , user6);
INSERT INTO Ratings VALUES (1, 771 , user6);
INSERT INTO Ratings VALUES (1, 772 , user6);
INSERT INTO Ratings VALUES (1, 773 , user6);
INSERT INTO Ratings VALUES (1, 774 , user6);
INSERT INTO Ratings VALUES (1, 775 , user6);
INSERT INTO Ratings VALUES (1, 776 , user6);
INSERT INTO Ratings VALUES (1, 777 , user6);
INSERT INTO Ratings VALUES (1, 778 , user6);
INSERT INTO Ratings VALUES (1, 779 , user6);
INSERT INTO Ratings VALUES (1, 780 , user6);
INSERT INTO Ratings VALUES (1, 781 , user6);
INSERT INTO Ratings VALUES (1, 782 , user6);
INSERT INTO Ratings VALUES (1, 783 , user6);
INSERT INTO Ratings VALUES (1, 784 , user6);
INSERT INTO Ratings VALUES (1, 785 , user6);
INSERT INTO Ratings VALUES (1, 786 , user6);
INSERT INTO Ratings VALUES (1, 787 , user6);
INSERT INTO Ratings VALUES (1, 788 , user6);
INSERT INTO Ratings VALUES (1, 789 , user6);
INSERT INTO Ratings VALUES (1, 790 , user6);
INSERT INTO Ratings VALUES (1, 791 , user6);
INSERT INTO Ratings VALUES (1, 792 , user6);
INSERT INTO Ratings VALUES (1, 793 , user6);
INSERT INTO Ratings VALUES (1, 794 , user6);
INSERT INTO Ratings VALUES (1, 795 , user6);
INSERT INTO Ratings VALUES (1, 796 , user6);
INSERT INTO Ratings VALUES (1, 797 , user6);
INSERT INTO Ratings VALUES (1, 798 , user6);
INSERT INTO Ratings VALUES (1, 799 , user6);
INSERT INTO Ratings VALUES (1, 800 , user6);
INSERT INTO Ratings VALUES (1, 801 , user6);
INSERT INTO Ratings VALUES (1, 802 , user6);
INSERT INTO Ratings VALUES (1, 803 , user6);
INSERT INTO Ratings VALUES (1, 804 , user6);
INSERT INTO Ratings VALUES (1, 805 , user6);
INSERT INTO Ratings VALUES (1, 806 , user6);
INSERT INTO Ratings VALUES (1, 807 , user6);
INSERT INTO Ratings VALUES (1, 808 , user6);
INSERT INTO Ratings VALUES (1, 809 , user6);
INSERT INTO Ratings VALUES (1, 810 , user6);
INSERT INTO Ratings VALUES (1, 811 , user6);
INSERT INTO Ratings VALUES (1, 812 , user6);
INSERT INTO Ratings VALUES (1, 813 , user6);
INSERT INTO Ratings VALUES (1, 814 , user6);
INSERT INTO Ratings VALUES (1, 815 , user6);
INSERT INTO Ratings VALUES (1, 816 , user6);
INSERT INTO Ratings VALUES (1, 817 , user6);
INSERT INTO Ratings VALUES (1, 818 , user6);
INSERT INTO Ratings VALUES (1, 819 , user6);
INSERT INTO Ratings VALUES (1, 820 , user6);
INSERT INTO Ratings VALUES (1, 821 , user6);
INSERT INTO Ratings VALUES (1, 822 , user6);
INSERT INTO Ratings VALUES (1, 823 , user6);
INSERT INTO Ratings VALUES (1, 824 , user6);
INSERT INTO Ratings VALUES (1, 825 , user6);
INSERT INTO Ratings VALUES (1, 826 , user6);
INSERT INTO Ratings VALUES (1, 827 , user6);
INSERT INTO Ratings VALUES (1, 828 , user6);
INSERT INTO Ratings VALUES (1, 829 , user6);
INSERT INTO Ratings VALUES (1, 830 , user6);
INSERT INTO Ratings VALUES (1, 831 , user6);
INSERT INTO Ratings VALUES (1, 832 , user6);
INSERT INTO Ratings VALUES (1, 833 , user6);
INSERT INTO Ratings VALUES (1, 834 , user6);
INSERT INTO Ratings VALUES (1, 835 , user6);
INSERT INTO Ratings VALUES (1, 836 , user6);
INSERT INTO Ratings VALUES (1, 837 , user6);
INSERT INTO Ratings VALUES (1, 838 , user6);
INSERT INTO Ratings VALUES (1, 839 , user6);
INSERT INTO Ratings VALUES (1, 840 , user6);
INSERT INTO Ratings VALUES (1, 841 , user6);
INSERT INTO Ratings VALUES (1, 842 , user6);
INSERT INTO Ratings VALUES (1, 843 , user6);
INSERT INTO Ratings VALUES (1, 844 , user6);
INSERT INTO Ratings VALUES (1, 845 , user6);
INSERT INTO Ratings VALUES (1, 846 , user6);
INSERT INTO Ratings VALUES (1, 847 , user6);
INSERT INTO Ratings VALUES (1, 848 , user6);
INSERT INTO Ratings VALUES (1, 849 , user6);
INSERT INTO Ratings VALUES (1, 850 , user6);
INSERT INTO Ratings VALUES (1, 851 , user6);
INSERT INTO Ratings VALUES (1, 852 , user6);
INSERT INTO Ratings VALUES (1, 853 , user6);
INSERT INTO Ratings VALUES (1, 854 , user6);
INSERT INTO Ratings VALUES (1, 855 , user6);
INSERT INTO Ratings VALUES (1, 856 , user6);
INSERT INTO Ratings VALUES (1, 857 , user6);
INSERT INTO Ratings VALUES (1, 858 , user6);
INSERT INTO Ratings VALUES (1, 859 , user6);
INSERT INTO Ratings VALUES (1, 860 , user6);
INSERT INTO Ratings VALUES (1, 861 , user6);
INSERT INTO Ratings VALUES (1, 862 , user6);
INSERT INTO Ratings VALUES (1, 863 , user6);
INSERT INTO Ratings VALUES (1, 864 , user6);
INSERT INTO Ratings VALUES (1, 865 , user6);
INSERT INTO Ratings VALUES (1, 866 , user6);
INSERT INTO Ratings VALUES (1, 867 , user6);
INSERT INTO Ratings VALUES (1, 868 , user6);
INSERT INTO Ratings VALUES (1, 869 , user6);
INSERT INTO Ratings VALUES (1, 870 , user6);
INSERT INTO Ratings VALUES (1, 871 , user6);
INSERT INTO Ratings VALUES (1, 872 , user6);
INSERT INTO Ratings VALUES (1, 873 , user6);
INSERT INTO Ratings VALUES (1, 874 , user6);
INSERT INTO Ratings VALUES (1, 875 , user6);
INSERT INTO Ratings VALUES (1, 876 , user6);
INSERT INTO Ratings VALUES (1, 877 , user6);
INSERT INTO Ratings VALUES (1, 878 , user6);
INSERT INTO Ratings VALUES (1, 879 , user6);
INSERT INTO Ratings VALUES (1, 880 , user6);
INSERT INTO Ratings VALUES (1, 881 , user6);
INSERT INTO Ratings VALUES (1, 882 , user6);
INSERT INTO Ratings VALUES (1, 883 , user6);
INSERT INTO Ratings VALUES (1, 884 , user6);
INSERT INTO Ratings VALUES (1, 885 , user6);
INSERT INTO Ratings VALUES (1, 886 , user6);
INSERT INTO Ratings VALUES (1, 887 , user6);
INSERT INTO Ratings VALUES (1, 888 , user6);
INSERT INTO Ratings VALUES (1, 889 , user6);
INSERT INTO Ratings VALUES (1, 890 , user6);
INSERT INTO Ratings VALUES (1, 891 , user6);
INSERT INTO Ratings VALUES (1, 892 , user6);
INSERT INTO Ratings VALUES (1, 893 , user6);
INSERT INTO Ratings VALUES (1, 894 , user6);
INSERT INTO Ratings VALUES (1, 895 , user6);
INSERT INTO Ratings VALUES (1, 896 , user6);
INSERT INTO Ratings VALUES (1, 897 , user6);
INSERT INTO Ratings VALUES (1, 898 , user6);
INSERT INTO Ratings VALUES (1, 899 , user6);
INSERT INTO Ratings VALUES (1, 900 , user6);
INSERT INTO Ratings VALUES (1, 901 , user6);
INSERT INTO Ratings VALUES (1, 902 , user6);
INSERT INTO Ratings VALUES (1, 903 , user6);
INSERT INTO Ratings VALUES (1, 904 , user6);
INSERT INTO Ratings VALUES (1, 905 , user6);
INSERT INTO Ratings VALUES (1, 906 , user6);
INSERT INTO Ratings VALUES (1, 907 , user6);
INSERT INTO Ratings VALUES (1, 908 , user6);
INSERT INTO Ratings VALUES (1, 909 , user6);
INSERT INTO Ratings VALUES (1, 910 , user6);
INSERT INTO Ratings VALUES (1, 911 , user6);
INSERT INTO Ratings VALUES (1, 912 , user6);
INSERT INTO Ratings VALUES (1, 913 , user6);
INSERT INTO Ratings VALUES (1, 914 , user6);
INSERT INTO Ratings VALUES (1, 915 , user6);
INSERT INTO Ratings VALUES (1, 916 , user6);
INSERT INTO Ratings VALUES (1, 917 , user6);
INSERT INTO Ratings VALUES (1, 918 , user6);
INSERT INTO Ratings VALUES (1, 919 , user6);
INSERT INTO Ratings VALUES (1, 920 , user6);
INSERT INTO Ratings VALUES (1, 921 , user6);
INSERT INTO Ratings VALUES (1, 922 , user6);
INSERT INTO Ratings VALUES (1, 923 , user6);
INSERT INTO Ratings VALUES (1, 924 , user6);
INSERT INTO Ratings VALUES (1, 925 , user6);
INSERT INTO Ratings VALUES (1, 926 , user6);
INSERT INTO Ratings VALUES (1, 927 , user6);
INSERT INTO Ratings VALUES (1, 928 , user6);
INSERT INTO Ratings VALUES (1, 929 , user6);
INSERT INTO Ratings VALUES (1, 930 , user6);
INSERT INTO Ratings VALUES (1, 931 , user6);
INSERT INTO Ratings VALUES (1, 932 , user6);
INSERT INTO Ratings VALUES (1, 933 , user6);
INSERT INTO Ratings VALUES (1, 934 , user6);
INSERT INTO Ratings VALUES (1, 935 , user6);
INSERT INTO Ratings VALUES (1, 936 , user6);
INSERT INTO Ratings VALUES (1, 937 , user6);
INSERT INTO Ratings VALUES (1, 938 , user6);
INSERT INTO Ratings VALUES (1, 939 , user6);
INSERT INTO Ratings VALUES (1, 940 , user6);
INSERT INTO Ratings VALUES (1, 941 , user6);
INSERT INTO Ratings VALUES (1, 942 , user6);
INSERT INTO Ratings VALUES (1, 943 , user6);
INSERT INTO Ratings VALUES (1, 944 , user6);
INSERT INTO Ratings VALUES (1, 945 , user6);
INSERT INTO Ratings VALUES (1, 946 , user6);
INSERT INTO Ratings VALUES (1, 947 , user6);
INSERT INTO Ratings VALUES (1, 948 , user6);
INSERT INTO Ratings VALUES (1, 949 , user6);
INSERT INTO Ratings VALUES (1, 950 , user6);
INSERT INTO Ratings VALUES (1, 951 , user6);
INSERT INTO Ratings VALUES (1, 952 , user6);
INSERT INTO Ratings VALUES (1, 953 , user6);
INSERT INTO Ratings VALUES (1, 954 , user6);
INSERT INTO Ratings VALUES (1, 955 , user6);
INSERT INTO Ratings VALUES (1, 956 , user6);
INSERT INTO Ratings VALUES (1, 957 , user6);
INSERT INTO Ratings VALUES (1, 958 , user6);
INSERT INTO Ratings VALUES (1, 959 , user6);
INSERT INTO Ratings VALUES (1, 960 , user6);
INSERT INTO Ratings VALUES (1, 961 , user6);
INSERT INTO Ratings VALUES (1, 962 , user6);
INSERT INTO Ratings VALUES (1, 963 , user6);
INSERT INTO Ratings VALUES (1, 964 , user6);
INSERT INTO Ratings VALUES (1, 965 , user6);
INSERT INTO Ratings VALUES (1, 966 , user6);
INSERT INTO Ratings VALUES (1, 967 , user6);
INSERT INTO Ratings VALUES (1, 968 , user6);
INSERT INTO Ratings VALUES (1, 969 , user6);
INSERT INTO Ratings VALUES (1, 970 , user6);
INSERT INTO Ratings VALUES (1, 971 , user6);
INSERT INTO Ratings VALUES (1, 972 , user6);
INSERT INTO Ratings VALUES (1, 973 , user6);
INSERT INTO Ratings VALUES (1, 974 , user6);
INSERT INTO Ratings VALUES (1, 975 , user6);
INSERT INTO Ratings VALUES (1, 976 , user6);
INSERT INTO Ratings VALUES (1, 977 , user6);
INSERT INTO Ratings VALUES (1, 978 , user6);
INSERT INTO Ratings VALUES (1, 979 , user6);
INSERT INTO Ratings VALUES (1, 980 , user6);
INSERT INTO Ratings VALUES (1, 981 , user6);
INSERT INTO Ratings VALUES (1, 982 , user6);
INSERT INTO Ratings VALUES (1, 983 , user6);
INSERT INTO Ratings VALUES (1, 984 , user6);
INSERT INTO Ratings VALUES (1, 985 , user6);
INSERT INTO Ratings VALUES (1, 986 , user6);
INSERT INTO Ratings VALUES (1, 987 , user6);
INSERT INTO Ratings VALUES (1, 988 , user6);
INSERT INTO Ratings VALUES (1, 989 , user6);
INSERT INTO Ratings VALUES (1, 990 , user6);
INSERT INTO Ratings VALUES (1, 991 , user6);
INSERT INTO Ratings VALUES (1, 992 , user6);
INSERT INTO Ratings VALUES (1, 993 , user6);
INSERT INTO Ratings VALUES (1, 994 , user6);
INSERT INTO Ratings VALUES (1, 995 , user6);
INSERT INTO Ratings VALUES (1, 996 , user6);
INSERT INTO Ratings VALUES (1, 997 , user6);
INSERT INTO Ratings VALUES (1, 998 , user6);
INSERT INTO Ratings VALUES (1, 999 , user6);

-- User 7
INSERT INTO Users VALUES (user7, user7password);
--User7 Ratings
INSERT INTO Ratings VALUES (5, 1000 , user7);
INSERT INTO Ratings VALUES (5, 1001 , user7);
INSERT INTO Ratings VALUES (5, 1002 , user7);
INSERT INTO Ratings VALUES (5, 1003 , user7);
INSERT INTO Ratings VALUES (5, 1004 , user7);
INSERT INTO Ratings VALUES (5, 1005 , user7);
INSERT INTO Ratings VALUES (5, 1006 , user7);
INSERT INTO Ratings VALUES (5, 1007 , user7);
INSERT INTO Ratings VALUES (5, 1008 , user7);
INSERT INTO Ratings VALUES (5, 1009 , user7);
INSERT INTO Ratings VALUES (5, 1010 , user7);
INSERT INTO Ratings VALUES (5, 1011 , user7);
INSERT INTO Ratings VALUES (5, 1012 , user7);
INSERT INTO Ratings VALUES (5, 1013 , user7);
INSERT INTO Ratings VALUES (5, 1014 , user7);
INSERT INTO Ratings VALUES (5, 1015 , user7);
INSERT INTO Ratings VALUES (5, 1016 , user7);
INSERT INTO Ratings VALUES (5, 1017 , user7);
INSERT INTO Ratings VALUES (5, 1018 , user7);
INSERT INTO Ratings VALUES (5, 1019 , user7);
INSERT INTO Ratings VALUES (5, 1020 , user7);
INSERT INTO Ratings VALUES (5, 1021 , user7);
INSERT INTO Ratings VALUES (5, 1022 , user7);
INSERT INTO Ratings VALUES (5, 1023 , user7);
INSERT INTO Ratings VALUES (5, 1024 , user7);
INSERT INTO Ratings VALUES (5, 1025 , user7);
INSERT INTO Ratings VALUES (5, 1026 , user7);
INSERT INTO Ratings VALUES (5, 1027 , user7);
INSERT INTO Ratings VALUES (5, 1028 , user7);
INSERT INTO Ratings VALUES (5, 1029 , user7);
INSERT INTO Ratings VALUES (5, 1030 , user7);
INSERT INTO Ratings VALUES (5, 1031 , user7);
INSERT INTO Ratings VALUES (5, 1032 , user7);
INSERT INTO Ratings VALUES (5, 1033 , user7);
INSERT INTO Ratings VALUES (5, 1034 , user7);
INSERT INTO Ratings VALUES (5, 1035 , user7);
INSERT INTO Ratings VALUES (5, 1036 , user7);
INSERT INTO Ratings VALUES (5, 1037 , user7);
INSERT INTO Ratings VALUES (5, 1038 , user7);
INSERT INTO Ratings VALUES (5, 1039 , user7);
INSERT INTO Ratings VALUES (5, 1040 , user7);
INSERT INTO Ratings VALUES (5, 1041 , user7);
INSERT INTO Ratings VALUES (5, 1042 , user7);
INSERT INTO Ratings VALUES (5, 1043 , user7);
INSERT INTO Ratings VALUES (5, 1044 , user7);
INSERT INTO Ratings VALUES (5, 1045 , user7);
INSERT INTO Ratings VALUES (5, 1046 , user7);
INSERT INTO Ratings VALUES (5, 1047 , user7);
INSERT INTO Ratings VALUES (5, 1048 , user7);
INSERT INTO Ratings VALUES (5, 1049 , user7);
INSERT INTO Ratings VALUES (5, 1050 , user7);
INSERT INTO Ratings VALUES (5, 1051 , user7);
INSERT INTO Ratings VALUES (5, 1052 , user7);
INSERT INTO Ratings VALUES (5, 1053 , user7);
INSERT INTO Ratings VALUES (5, 1054 , user7);
INSERT INTO Ratings VALUES (5, 1055 , user7);
INSERT INTO Ratings VALUES (5, 1056 , user7);
INSERT INTO Ratings VALUES (5, 1057 , user7);
INSERT INTO Ratings VALUES (5, 1058 , user7);
INSERT INTO Ratings VALUES (5, 1059 , user7);
INSERT INTO Ratings VALUES (5, 1060 , user7);
INSERT INTO Ratings VALUES (5, 1061 , user7);
INSERT INTO Ratings VALUES (5, 1062 , user7);
INSERT INTO Ratings VALUES (5, 1063 , user7);
INSERT INTO Ratings VALUES (5, 1064 , user7);
INSERT INTO Ratings VALUES (5, 1065 , user7);
INSERT INTO Ratings VALUES (5, 1066 , user7);
INSERT INTO Ratings VALUES (5, 1067 , user7);
INSERT INTO Ratings VALUES (5, 1068 , user7);
INSERT INTO Ratings VALUES (5, 1069 , user7);
INSERT INTO Ratings VALUES (5, 1070 , user7);
INSERT INTO Ratings VALUES (5, 1071 , user7);
INSERT INTO Ratings VALUES (5, 1072 , user7);
INSERT INTO Ratings VALUES (5, 1073 , user7);
INSERT INTO Ratings VALUES (5, 1074 , user7);
INSERT INTO Ratings VALUES (5, 1075 , user7);
INSERT INTO Ratings VALUES (5, 1076 , user7);
INSERT INTO Ratings VALUES (5, 1077 , user7);
INSERT INTO Ratings VALUES (5, 1078 , user7);
INSERT INTO Ratings VALUES (5, 1079 , user7);
INSERT INTO Ratings VALUES (5, 1080 , user7);
INSERT INTO Ratings VALUES (5, 1081 , user7);
INSERT INTO Ratings VALUES (5, 1082 , user7);
INSERT INTO Ratings VALUES (5, 1083 , user7);
INSERT INTO Ratings VALUES (5, 1084 , user7);
INSERT INTO Ratings VALUES (5, 1085 , user7);
INSERT INTO Ratings VALUES (5, 1086 , user7);
INSERT INTO Ratings VALUES (5, 1087 , user7);
INSERT INTO Ratings VALUES (5, 1088 , user7);
INSERT INTO Ratings VALUES (5, 1089 , user7);
INSERT INTO Ratings VALUES (5, 1090 , user7);
INSERT INTO Ratings VALUES (5, 1091 , user7);
INSERT INTO Ratings VALUES (5, 1092 , user7);
INSERT INTO Ratings VALUES (5, 1093 , user7);
INSERT INTO Ratings VALUES (5, 1094 , user7);
INSERT INTO Ratings VALUES (5, 1095 , user7);
INSERT INTO Ratings VALUES (5, 1096 , user7);
INSERT INTO Ratings VALUES (5, 1097 , user7);
INSERT INTO Ratings VALUES (5, 1098 , user7);
INSERT INTO Ratings VALUES (5, 1099 , user7);
INSERT INTO Ratings VALUES (5, 1100 , user7);
INSERT INTO Ratings VALUES (5, 1101 , user7);
INSERT INTO Ratings VALUES (5, 1102 , user7);
INSERT INTO Ratings VALUES (5, 1103 , user7);
INSERT INTO Ratings VALUES (5, 1104 , user7);
INSERT INTO Ratings VALUES (5, 1105 , user7);
INSERT INTO Ratings VALUES (5, 1106 , user7);
INSERT INTO Ratings VALUES (5, 1107 , user7);
INSERT INTO Ratings VALUES (5, 1108 , user7);
INSERT INTO Ratings VALUES (5, 1109 , user7);
INSERT INTO Ratings VALUES (5, 1110 , user7);
INSERT INTO Ratings VALUES (5, 1111 , user7);
INSERT INTO Ratings VALUES (5, 1112 , user7);
INSERT INTO Ratings VALUES (5, 1113 , user7);
INSERT INTO Ratings VALUES (5, 1114 , user7);
INSERT INTO Ratings VALUES (5, 1115 , user7);
INSERT INTO Ratings VALUES (5, 1116 , user7);
INSERT INTO Ratings VALUES (5, 1117 , user7);
INSERT INTO Ratings VALUES (5, 1118 , user7);
INSERT INTO Ratings VALUES (5, 1119 , user7);
INSERT INTO Ratings VALUES (5, 1120 , user7);
INSERT INTO Ratings VALUES (5, 1121 , user7);
INSERT INTO Ratings VALUES (5, 1122 , user7);
INSERT INTO Ratings VALUES (5, 1123 , user7);
INSERT INTO Ratings VALUES (5, 1124 , user7);
INSERT INTO Ratings VALUES (5, 1125 , user7);
INSERT INTO Ratings VALUES (5, 1126 , user7);
INSERT INTO Ratings VALUES (5, 1127 , user7);
INSERT INTO Ratings VALUES (5, 1128 , user7);
INSERT INTO Ratings VALUES (5, 1129 , user7);
INSERT INTO Ratings VALUES (5, 1130 , user7);
INSERT INTO Ratings VALUES (5, 1131 , user7);
INSERT INTO Ratings VALUES (5, 1132 , user7);
INSERT INTO Ratings VALUES (5, 1133 , user7);
INSERT INTO Ratings VALUES (5, 1134 , user7);
INSERT INTO Ratings VALUES (5, 1135 , user7);
INSERT INTO Ratings VALUES (5, 1136 , user7);
INSERT INTO Ratings VALUES (5, 1137 , user7);
INSERT INTO Ratings VALUES (5, 1138 , user7);
INSERT INTO Ratings VALUES (5, 1139 , user7);
INSERT INTO Ratings VALUES (5, 1140 , user7);
INSERT INTO Ratings VALUES (5, 1141 , user7);
INSERT INTO Ratings VALUES (5, 1142 , user7);
INSERT INTO Ratings VALUES (5, 1143 , user7);
INSERT INTO Ratings VALUES (5, 1144 , user7);
INSERT INTO Ratings VALUES (5, 1145 , user7);
INSERT INTO Ratings VALUES (5, 1146 , user7);
INSERT INTO Ratings VALUES (5, 1147 , user7);
INSERT INTO Ratings VALUES (5, 1148 , user7);
INSERT INTO Ratings VALUES (5, 1149 , user7);
INSERT INTO Ratings VALUES (5, 1150 , user7);
INSERT INTO Ratings VALUES (5, 1151 , user7);
INSERT INTO Ratings VALUES (5, 1152 , user7);
INSERT INTO Ratings VALUES (5, 1153 , user7);
INSERT INTO Ratings VALUES (5, 1154 , user7);
INSERT INTO Ratings VALUES (5, 1155 , user7);
INSERT INTO Ratings VALUES (5, 1156 , user7);
INSERT INTO Ratings VALUES (5, 1157 , user7);
INSERT INTO Ratings VALUES (5, 1158 , user7);
INSERT INTO Ratings VALUES (5, 1159 , user7);
INSERT INTO Ratings VALUES (5, 1160 , user7);
INSERT INTO Ratings VALUES (5, 1161 , user7);
INSERT INTO Ratings VALUES (5, 1162 , user7);
INSERT INTO Ratings VALUES (5, 1163 , user7);
INSERT INTO Ratings VALUES (5, 1164 , user7);
INSERT INTO Ratings VALUES (5, 1165 , user7);
INSERT INTO Ratings VALUES (5, 1166 , user7);
INSERT INTO Ratings VALUES (5, 1167 , user7);
INSERT INTO Ratings VALUES (5, 1168 , user7);
INSERT INTO Ratings VALUES (5, 1169 , user7);
INSERT INTO Ratings VALUES (5, 1170 , user7);
INSERT INTO Ratings VALUES (5, 1171 , user7);
INSERT INTO Ratings VALUES (5, 1172 , user7);
INSERT INTO Ratings VALUES (5, 1173 , user7);
INSERT INTO Ratings VALUES (5, 1174 , user7);
INSERT INTO Ratings VALUES (5, 1175 , user7);
INSERT INTO Ratings VALUES (5, 1176 , user7);
INSERT INTO Ratings VALUES (5, 1177 , user7);
INSERT INTO Ratings VALUES (5, 1178 , user7);
INSERT INTO Ratings VALUES (5, 1179 , user7);
INSERT INTO Ratings VALUES (5, 1180 , user7);
INSERT INTO Ratings VALUES (5, 1181 , user7);
INSERT INTO Ratings VALUES (5, 1182 , user7);
INSERT INTO Ratings VALUES (5, 1183 , user7);
INSERT INTO Ratings VALUES (5, 1184 , user7);
INSERT INTO Ratings VALUES (5, 1185 , user7);
INSERT INTO Ratings VALUES (5, 1186 , user7);
INSERT INTO Ratings VALUES (5, 1187 , user7);
INSERT INTO Ratings VALUES (5, 1188 , user7);
INSERT INTO Ratings VALUES (5, 1189 , user7);
INSERT INTO Ratings VALUES (5, 1190 , user7);
INSERT INTO Ratings VALUES (5, 1191 , user7);
INSERT INTO Ratings VALUES (5, 1192 , user7);
INSERT INTO Ratings VALUES (5, 1193 , user7);
INSERT INTO Ratings VALUES (5, 1194 , user7);
INSERT INTO Ratings VALUES (5, 1195 , user7);
INSERT INTO Ratings VALUES (5, 1196 , user7);
INSERT INTO Ratings VALUES (5, 1197 , user7);
INSERT INTO Ratings VALUES (5, 1198 , user7);
INSERT INTO Ratings VALUES (5, 1199 , user7);
INSERT INTO Ratings VALUES (5, 1200 , user7);
INSERT INTO Ratings VALUES (5, 1201 , user7);
INSERT INTO Ratings VALUES (5, 1202 , user7);
INSERT INTO Ratings VALUES (5, 1203 , user7);
INSERT INTO Ratings VALUES (5, 1204 , user7);
INSERT INTO Ratings VALUES (5, 1205 , user7);
INSERT INTO Ratings VALUES (5, 1206 , user7);
INSERT INTO Ratings VALUES (5, 1207 , user7);
INSERT INTO Ratings VALUES (5, 1208 , user7);
INSERT INTO Ratings VALUES (5, 1209 , user7);
INSERT INTO Ratings VALUES (5, 1210 , user7);
INSERT INTO Ratings VALUES (5, 1211 , user7);
INSERT INTO Ratings VALUES (5, 1212 , user7);
INSERT INTO Ratings VALUES (5, 1213 , user7);
INSERT INTO Ratings VALUES (5, 1214 , user7);
INSERT INTO Ratings VALUES (5, 1215 , user7);
INSERT INTO Ratings VALUES (5, 1216 , user7);
INSERT INTO Ratings VALUES (5, 1217 , user7);
INSERT INTO Ratings VALUES (5, 1218 , user7);
INSERT INTO Ratings VALUES (5, 1219 , user7);
INSERT INTO Ratings VALUES (5, 1220 , user7);
INSERT INTO Ratings VALUES (5, 1221 , user7);
INSERT INTO Ratings VALUES (5, 1222 , user7);
INSERT INTO Ratings VALUES (5, 1223 , user7);
INSERT INTO Ratings VALUES (5, 1224 , user7);
INSERT INTO Ratings VALUES (5, 1225 , user7);
INSERT INTO Ratings VALUES (5, 1226 , user7);
INSERT INTO Ratings VALUES (5, 1227 , user7);
INSERT INTO Ratings VALUES (5, 1228 , user7);
INSERT INTO Ratings VALUES (5, 1229 , user7);
INSERT INTO Ratings VALUES (5, 1230 , user7);
INSERT INTO Ratings VALUES (5, 1231 , user7);
INSERT INTO Ratings VALUES (5, 1232 , user7);
INSERT INTO Ratings VALUES (5, 1233 , user7);
INSERT INTO Ratings VALUES (5, 1234 , user7);
INSERT INTO Ratings VALUES (5, 1235 , user7);
INSERT INTO Ratings VALUES (5, 1236 , user7);
INSERT INTO Ratings VALUES (5, 1237 , user7);
INSERT INTO Ratings VALUES (5, 1238 , user7);
INSERT INTO Ratings VALUES (5, 1239 , user7);
INSERT INTO Ratings VALUES (5, 1240 , user7);
INSERT INTO Ratings VALUES (5, 1241 , user7);
INSERT INTO Ratings VALUES (5, 1242 , user7);
INSERT INTO Ratings VALUES (5, 1243 , user7);
INSERT INTO Ratings VALUES (5, 1244 , user7);
INSERT INTO Ratings VALUES (5, 1245 , user7);
INSERT INTO Ratings VALUES (5, 1246 , user7);
INSERT INTO Ratings VALUES (5, 1247 , user7);
INSERT INTO Ratings VALUES (5, 1248 , user7);
INSERT INTO Ratings VALUES (5, 1249 , user7);
INSERT INTO Ratings VALUES (5, 1250 , user7);
INSERT INTO Ratings VALUES (5, 1251 , user7);
INSERT INTO Ratings VALUES (5, 1252 , user7);
INSERT INTO Ratings VALUES (5, 1253 , user7);
INSERT INTO Ratings VALUES (5, 1254 , user7);
INSERT INTO Ratings VALUES (5, 1255 , user7);
INSERT INTO Ratings VALUES (5, 1256 , user7);
INSERT INTO Ratings VALUES (5, 1257 , user7);
INSERT INTO Ratings VALUES (5, 1258 , user7);
INSERT INTO Ratings VALUES (5, 1259 , user7);
INSERT INTO Ratings VALUES (5, 1260 , user7);
INSERT INTO Ratings VALUES (5, 1261 , user7);
INSERT INTO Ratings VALUES (5, 1262 , user7);
INSERT INTO Ratings VALUES (5, 1263 , user7);
INSERT INTO Ratings VALUES (5, 1264 , user7);
INSERT INTO Ratings VALUES (5, 1265 , user7);
INSERT INTO Ratings VALUES (5, 1266 , user7);
INSERT INTO Ratings VALUES (5, 1267 , user7);
INSERT INTO Ratings VALUES (5, 1268 , user7);
INSERT INTO Ratings VALUES (5, 1269 , user7);
INSERT INTO Ratings VALUES (5, 1270 , user7);
INSERT INTO Ratings VALUES (5, 1271 , user7);
INSERT INTO Ratings VALUES (5, 1272 , user7);
INSERT INTO Ratings VALUES (5, 1273 , user7);
INSERT INTO Ratings VALUES (5, 1274 , user7);
INSERT INTO Ratings VALUES (5, 1275 , user7);
INSERT INTO Ratings VALUES (5, 1276 , user7);
INSERT INTO Ratings VALUES (5, 1277 , user7);
INSERT INTO Ratings VALUES (5, 1278 , user7);
INSERT INTO Ratings VALUES (5, 1279 , user7);
INSERT INTO Ratings VALUES (5, 1280 , user7);
INSERT INTO Ratings VALUES (5, 1281 , user7);
INSERT INTO Ratings VALUES (5, 1282 , user7);
INSERT INTO Ratings VALUES (5, 1283 , user7);
INSERT INTO Ratings VALUES (5, 1284 , user7);
INSERT INTO Ratings VALUES (5, 1285 , user7);
INSERT INTO Ratings VALUES (5, 1286 , user7);
INSERT INTO Ratings VALUES (5, 1287 , user7);
INSERT INTO Ratings VALUES (5, 1288 , user7);
INSERT INTO Ratings VALUES (5, 1289 , user7);
INSERT INTO Ratings VALUES (5, 1290 , user7);
INSERT INTO Ratings VALUES (5, 1291 , user7);
INSERT INTO Ratings VALUES (5, 1292 , user7);
INSERT INTO Ratings VALUES (5, 1293 , user7);
INSERT INTO Ratings VALUES (5, 1294 , user7);
INSERT INTO Ratings VALUES (5, 1295 , user7);
INSERT INTO Ratings VALUES (5, 1296 , user7);
INSERT INTO Ratings VALUES (5, 1297 , user7);
INSERT INTO Ratings VALUES (5, 1298 , user7);
INSERT INTO Ratings VALUES (5, 1299 , user7);
INSERT INTO Ratings VALUES (5, 1300 , user7);
INSERT INTO Ratings VALUES (5, 1301 , user7);
INSERT INTO Ratings VALUES (5, 1302 , user7);
INSERT INTO Ratings VALUES (5, 1303 , user7);
INSERT INTO Ratings VALUES (5, 1304 , user7);
INSERT INTO Ratings VALUES (5, 1305 , user7);
INSERT INTO Ratings VALUES (5, 1306 , user7);
INSERT INTO Ratings VALUES (5, 1307 , user7);
INSERT INTO Ratings VALUES (5, 1308 , user7);
INSERT INTO Ratings VALUES (5, 1309 , user7);
INSERT INTO Ratings VALUES (5, 1310 , user7);
INSERT INTO Ratings VALUES (5, 1311 , user7);
INSERT INTO Ratings VALUES (5, 1312 , user7);
INSERT INTO Ratings VALUES (5, 1313 , user7);
INSERT INTO Ratings VALUES (5, 1314 , user7);
INSERT INTO Ratings VALUES (5, 1315 , user7);
INSERT INTO Ratings VALUES (5, 1316 , user7);
INSERT INTO Ratings VALUES (5, 1317 , user7);
INSERT INTO Ratings VALUES (5, 1318 , user7);
INSERT INTO Ratings VALUES (5, 1319 , user7);
INSERT INTO Ratings VALUES (5, 1320 , user7);
INSERT INTO Ratings VALUES (5, 1321 , user7);
INSERT INTO Ratings VALUES (5, 1322 , user7);
INSERT INTO Ratings VALUES (5, 1323 , user7);
INSERT INTO Ratings VALUES (5, 1324 , user7);
INSERT INTO Ratings VALUES (5, 1325 , user7);
INSERT INTO Ratings VALUES (5, 1326 , user7);
INSERT INTO Ratings VALUES (5, 1327 , user7);
INSERT INTO Ratings VALUES (5, 1328 , user7);
INSERT INTO Ratings VALUES (5, 1329 , user7);
INSERT INTO Ratings VALUES (5, 1330 , user7);
INSERT INTO Ratings VALUES (5, 1331 , user7);
INSERT INTO Ratings VALUES (5, 1332 , user7);
INSERT INTO Ratings VALUES (5, 1333 , user7);
INSERT INTO Ratings VALUES (5, 1334 , user7);
INSERT INTO Ratings VALUES (5, 1335 , user7);
INSERT INTO Ratings VALUES (5, 1336 , user7);
INSERT INTO Ratings VALUES (5, 1337 , user7);
INSERT INTO Ratings VALUES (5, 1338 , user7);
INSERT INTO Ratings VALUES (5, 1339 , user7);
INSERT INTO Ratings VALUES (5, 1340 , user7);
INSERT INTO Ratings VALUES (5, 1341 , user7);
INSERT INTO Ratings VALUES (5, 1342 , user7);
INSERT INTO Ratings VALUES (5, 1343 , user7);
INSERT INTO Ratings VALUES (5, 1344 , user7);
INSERT INTO Ratings VALUES (5, 1345 , user7);
INSERT INTO Ratings VALUES (5, 1346 , user7);
INSERT INTO Ratings VALUES (5, 1347 , user7);
INSERT INTO Ratings VALUES (5, 1348 , user7);
INSERT INTO Ratings VALUES (5, 1349 , user7);
INSERT INTO Ratings VALUES (5, 1350 , user7);
INSERT INTO Ratings VALUES (5, 1351 , user7);
INSERT INTO Ratings VALUES (5, 1352 , user7);
INSERT INTO Ratings VALUES (5, 1353 , user7);
INSERT INTO Ratings VALUES (5, 1354 , user7);
INSERT INTO Ratings VALUES (5, 1355 , user7);
INSERT INTO Ratings VALUES (5, 1356 , user7);
INSERT INTO Ratings VALUES (5, 1357 , user7);
INSERT INTO Ratings VALUES (5, 1358 , user7);
INSERT INTO Ratings VALUES (5, 1359 , user7);
INSERT INTO Ratings VALUES (5, 1360 , user7);
INSERT INTO Ratings VALUES (5, 1361 , user7);
INSERT INTO Ratings VALUES (5, 1362 , user7);
INSERT INTO Ratings VALUES (5, 1363 , user7);
INSERT INTO Ratings VALUES (5, 1364 , user7);
INSERT INTO Ratings VALUES (5, 1365 , user7);
INSERT INTO Ratings VALUES (5, 1366 , user7);
INSERT INTO Ratings VALUES (5, 1367 , user7);
INSERT INTO Ratings VALUES (5, 1368 , user7);
INSERT INTO Ratings VALUES (5, 1369 , user7);
INSERT INTO Ratings VALUES (5, 1370 , user7);
INSERT INTO Ratings VALUES (5, 1371 , user7);
INSERT INTO Ratings VALUES (5, 1372 , user7);
INSERT INTO Ratings VALUES (5, 1373 , user7);
INSERT INTO Ratings VALUES (5, 1374 , user7);
INSERT INTO Ratings VALUES (5, 1375 , user7);
INSERT INTO Ratings VALUES (5, 1376 , user7);
INSERT INTO Ratings VALUES (5, 1377 , user7);
INSERT INTO Ratings VALUES (5, 1378 , user7);
INSERT INTO Ratings VALUES (5, 1379 , user7);
INSERT INTO Ratings VALUES (5, 1380 , user7);
INSERT INTO Ratings VALUES (5, 1381 , user7);
INSERT INTO Ratings VALUES (5, 1382 , user7);
INSERT INTO Ratings VALUES (5, 1383 , user7);
INSERT INTO Ratings VALUES (5, 1384 , user7);
INSERT INTO Ratings VALUES (5, 1385 , user7);
INSERT INTO Ratings VALUES (5, 1386 , user7);
INSERT INTO Ratings VALUES (5, 1387 , user7);
INSERT INTO Ratings VALUES (5, 1388 , user7);
INSERT INTO Ratings VALUES (5, 1389 , user7);
INSERT INTO Ratings VALUES (5, 1390 , user7);
INSERT INTO Ratings VALUES (5, 1391 , user7);
INSERT INTO Ratings VALUES (5, 1392 , user7);
INSERT INTO Ratings VALUES (5, 1393 , user7);
INSERT INTO Ratings VALUES (5, 1394 , user7);
INSERT INTO Ratings VALUES (5, 1395 , user7);
INSERT INTO Ratings VALUES (5, 1396 , user7);
INSERT INTO Ratings VALUES (5, 1397 , user7);
INSERT INTO Ratings VALUES (5, 1398 , user7);
INSERT INTO Ratings VALUES (5, 1399 , user7);
INSERT INTO Ratings VALUES (5, 1400 , user7);
INSERT INTO Ratings VALUES (5, 1401 , user7);
INSERT INTO Ratings VALUES (5, 1402 , user7);
INSERT INTO Ratings VALUES (5, 1403 , user7);
INSERT INTO Ratings VALUES (5, 1404 , user7);
INSERT INTO Ratings VALUES (5, 1405 , user7);
INSERT INTO Ratings VALUES (5, 1406 , user7);
INSERT INTO Ratings VALUES (5, 1407 , user7);
INSERT INTO Ratings VALUES (5, 1408 , user7);
INSERT INTO Ratings VALUES (5, 1409 , user7);
INSERT INTO Ratings VALUES (5, 1410 , user7);
INSERT INTO Ratings VALUES (5, 1411 , user7);
INSERT INTO Ratings VALUES (5, 1412 , user7);
INSERT INTO Ratings VALUES (5, 1413 , user7);
INSERT INTO Ratings VALUES (5, 1414 , user7);
INSERT INTO Ratings VALUES (5, 1415 , user7);
INSERT INTO Ratings VALUES (5, 1416 , user7);
INSERT INTO Ratings VALUES (5, 1417 , user7);
INSERT INTO Ratings VALUES (5, 1418 , user7);
INSERT INTO Ratings VALUES (5, 1419 , user7);
INSERT INTO Ratings VALUES (5, 1420 , user7);
INSERT INTO Ratings VALUES (5, 1421 , user7);
INSERT INTO Ratings VALUES (5, 1422 , user7);
INSERT INTO Ratings VALUES (5, 1423 , user7);
INSERT INTO Ratings VALUES (5, 1424 , user7);
INSERT INTO Ratings VALUES (5, 1425 , user7);
INSERT INTO Ratings VALUES (5, 1426 , user7);
INSERT INTO Ratings VALUES (5, 1427 , user7);
INSERT INTO Ratings VALUES (5, 1428 , user7);
INSERT INTO Ratings VALUES (5, 1429 , user7);
INSERT INTO Ratings VALUES (5, 1430 , user7);
INSERT INTO Ratings VALUES (5, 1431 , user7);
INSERT INTO Ratings VALUES (5, 1432 , user7);
INSERT INTO Ratings VALUES (5, 1433 , user7);
INSERT INTO Ratings VALUES (5, 1434 , user7);
INSERT INTO Ratings VALUES (5, 1435 , user7);
INSERT INTO Ratings VALUES (5, 1436 , user7);
INSERT INTO Ratings VALUES (5, 1437 , user7);
INSERT INTO Ratings VALUES (5, 1438 , user7);
INSERT INTO Ratings VALUES (5, 1439 , user7);
INSERT INTO Ratings VALUES (5, 1440 , user7);
INSERT INTO Ratings VALUES (5, 1441 , user7);
INSERT INTO Ratings VALUES (5, 1442 , user7);
INSERT INTO Ratings VALUES (5, 1443 , user7);
INSERT INTO Ratings VALUES (5, 1444 , user7);
INSERT INTO Ratings VALUES (5, 1445 , user7);
INSERT INTO Ratings VALUES (5, 1446 , user7);
INSERT INTO Ratings VALUES (5, 1447 , user7);
INSERT INTO Ratings VALUES (5, 1448 , user7);
INSERT INTO Ratings VALUES (5, 1449 , user7);
INSERT INTO Ratings VALUES (5, 1450 , user7);
INSERT INTO Ratings VALUES (5, 1451 , user7);
INSERT INTO Ratings VALUES (5, 1452 , user7);
INSERT INTO Ratings VALUES (5, 1453 , user7);
INSERT INTO Ratings VALUES (5, 1454 , user7);
INSERT INTO Ratings VALUES (5, 1455 , user7);
INSERT INTO Ratings VALUES (5, 1456 , user7);
INSERT INTO Ratings VALUES (5, 1457 , user7);
INSERT INTO Ratings VALUES (5, 1458 , user7);
INSERT INTO Ratings VALUES (5, 1459 , user7);
INSERT INTO Ratings VALUES (5, 1460 , user7);
INSERT INTO Ratings VALUES (5, 1461 , user7);
INSERT INTO Ratings VALUES (5, 1462 , user7);
INSERT INTO Ratings VALUES (5, 1463 , user7);
INSERT INTO Ratings VALUES (5, 1464 , user7);
INSERT INTO Ratings VALUES (5, 1465 , user7);
INSERT INTO Ratings VALUES (5, 1466 , user7);
INSERT INTO Ratings VALUES (5, 1467 , user7);
INSERT INTO Ratings VALUES (5, 1468 , user7);
INSERT INTO Ratings VALUES (5, 1469 , user7);
INSERT INTO Ratings VALUES (5, 1470 , user7);
INSERT INTO Ratings VALUES (5, 1471 , user7);
INSERT INTO Ratings VALUES (5, 1472 , user7);
INSERT INTO Ratings VALUES (5, 1473 , user7);
INSERT INTO Ratings VALUES (5, 1474 , user7);
INSERT INTO Ratings VALUES (5, 1475 , user7);
INSERT INTO Ratings VALUES (5, 1476 , user7);
INSERT INTO Ratings VALUES (5, 1477 , user7);
INSERT INTO Ratings VALUES (5, 1478 , user7);
INSERT INTO Ratings VALUES (5, 1479 , user7);
INSERT INTO Ratings VALUES (5, 1480 , user7);
INSERT INTO Ratings VALUES (5, 1481 , user7);
INSERT INTO Ratings VALUES (5, 1482 , user7);
INSERT INTO Ratings VALUES (5, 1483 , user7);
INSERT INTO Ratings VALUES (5, 1484 , user7);
INSERT INTO Ratings VALUES (5, 1485 , user7);
INSERT INTO Ratings VALUES (5, 1486 , user7);
INSERT INTO Ratings VALUES (5, 1487 , user7);
INSERT INTO Ratings VALUES (5, 1488 , user7);
INSERT INTO Ratings VALUES (5, 1489 , user7);
INSERT INTO Ratings VALUES (5, 1490 , user7);
INSERT INTO Ratings VALUES (5, 1491 , user7);
INSERT INTO Ratings VALUES (5, 1492 , user7);
INSERT INTO Ratings VALUES (5, 1493 , user7);
INSERT INTO Ratings VALUES (5, 1494 , user7);
INSERT INTO Ratings VALUES (5, 1495 , user7);
INSERT INTO Ratings VALUES (5, 1496 , user7);
INSERT INTO Ratings VALUES (5, 1497 , user7);
INSERT INTO Ratings VALUES (5, 1498 , user7);
INSERT INTO Ratings VALUES (5, 1499 , user7);
INSERT INTO Ratings VALUES (5, 1500 , user7);
INSERT INTO Ratings VALUES (5, 1501 , user7);
INSERT INTO Ratings VALUES (5, 1502 , user7);
INSERT INTO Ratings VALUES (5, 1503 , user7);
INSERT INTO Ratings VALUES (5, 1504 , user7);
INSERT INTO Ratings VALUES (5, 1505 , user7);
INSERT INTO Ratings VALUES (5, 1506 , user7);
INSERT INTO Ratings VALUES (5, 1507 , user7);
INSERT INTO Ratings VALUES (5, 1508 , user7);
INSERT INTO Ratings VALUES (5, 1509 , user7);
INSERT INTO Ratings VALUES (5, 1510 , user7);
INSERT INTO Ratings VALUES (5, 1511 , user7);
INSERT INTO Ratings VALUES (5, 1512 , user7);
INSERT INTO Ratings VALUES (5, 1513 , user7);
INSERT INTO Ratings VALUES (5, 1514 , user7);
INSERT INTO Ratings VALUES (5, 1515 , user7);
INSERT INTO Ratings VALUES (5, 1516 , user7);
INSERT INTO Ratings VALUES (5, 1517 , user7);
INSERT INTO Ratings VALUES (5, 1518 , user7);
INSERT INTO Ratings VALUES (5, 1519 , user7);
INSERT INTO Ratings VALUES (5, 1520 , user7);
INSERT INTO Ratings VALUES (5, 1521 , user7);
INSERT INTO Ratings VALUES (5, 1522 , user7);
INSERT INTO Ratings VALUES (5, 1523 , user7);
INSERT INTO Ratings VALUES (5, 1524 , user7);
INSERT INTO Ratings VALUES (5, 1525 , user7);
INSERT INTO Ratings VALUES (5, 1526 , user7);
INSERT INTO Ratings VALUES (5, 1527 , user7);
INSERT INTO Ratings VALUES (5, 1528 , user7);
INSERT INTO Ratings VALUES (5, 1529 , user7);
INSERT INTO Ratings VALUES (5, 1530 , user7);
INSERT INTO Ratings VALUES (5, 1531 , user7);
INSERT INTO Ratings VALUES (5, 1532 , user7);
INSERT INTO Ratings VALUES (5, 1533 , user7);
INSERT INTO Ratings VALUES (5, 1534 , user7);
INSERT INTO Ratings VALUES (5, 1535 , user7);
INSERT INTO Ratings VALUES (5, 1536 , user7);
INSERT INTO Ratings VALUES (5, 1537 , user7);
INSERT INTO Ratings VALUES (5, 1538 , user7);
INSERT INTO Ratings VALUES (5, 1539 , user7);
INSERT INTO Ratings VALUES (5, 1540 , user7);
INSERT INTO Ratings VALUES (5, 1541 , user7);
INSERT INTO Ratings VALUES (5, 1542 , user7);
INSERT INTO Ratings VALUES (5, 1543 , user7);
INSERT INTO Ratings VALUES (5, 1544 , user7);
INSERT INTO Ratings VALUES (5, 1545 , user7);
INSERT INTO Ratings VALUES (5, 1546 , user7);
INSERT INTO Ratings VALUES (5, 1547 , user7);
INSERT INTO Ratings VALUES (5, 1548 , user7);
INSERT INTO Ratings VALUES (5, 1549 , user7);
INSERT INTO Ratings VALUES (5, 1550 , user7);
INSERT INTO Ratings VALUES (5, 1551 , user7);
INSERT INTO Ratings VALUES (5, 1552 , user7);
INSERT INTO Ratings VALUES (5, 1553 , user7);
INSERT INTO Ratings VALUES (5, 1554 , user7);
INSERT INTO Ratings VALUES (5, 1555 , user7);
INSERT INTO Ratings VALUES (5, 1556 , user7);
INSERT INTO Ratings VALUES (5, 1557 , user7);
INSERT INTO Ratings VALUES (5, 1558 , user7);
INSERT INTO Ratings VALUES (5, 1559 , user7);
INSERT INTO Ratings VALUES (5, 1560 , user7);
INSERT INTO Ratings VALUES (5, 1561 , user7);
INSERT INTO Ratings VALUES (5, 1562 , user7);
INSERT INTO Ratings VALUES (5, 1563 , user7);
INSERT INTO Ratings VALUES (5, 1564 , user7);
INSERT INTO Ratings VALUES (5, 1565 , user7);
INSERT INTO Ratings VALUES (5, 1566 , user7);
INSERT INTO Ratings VALUES (5, 1567 , user7);
INSERT INTO Ratings VALUES (5, 1568 , user7);
INSERT INTO Ratings VALUES (5, 1569 , user7);
INSERT INTO Ratings VALUES (5, 1570 , user7);
INSERT INTO Ratings VALUES (5, 1571 , user7);
INSERT INTO Ratings VALUES (5, 1572 , user7);
INSERT INTO Ratings VALUES (5, 1573 , user7);
INSERT INTO Ratings VALUES (5, 1574 , user7);
INSERT INTO Ratings VALUES (5, 1575 , user7);
INSERT INTO Ratings VALUES (5, 1576 , user7);
INSERT INTO Ratings VALUES (5, 1577 , user7);
INSERT INTO Ratings VALUES (5, 1578 , user7);
INSERT INTO Ratings VALUES (5, 1579 , user7);
INSERT INTO Ratings VALUES (5, 1580 , user7);
INSERT INTO Ratings VALUES (5, 1581 , user7);
INSERT INTO Ratings VALUES (5, 1582 , user7);
INSERT INTO Ratings VALUES (5, 1583 , user7);
INSERT INTO Ratings VALUES (5, 1584 , user7);
INSERT INTO Ratings VALUES (5, 1585 , user7);
INSERT INTO Ratings VALUES (5, 1586 , user7);
INSERT INTO Ratings VALUES (5, 1587 , user7);
INSERT INTO Ratings VALUES (5, 1588 , user7);
INSERT INTO Ratings VALUES (5, 1589 , user7);
INSERT INTO Ratings VALUES (5, 1590 , user7);
INSERT INTO Ratings VALUES (5, 1591 , user7);
INSERT INTO Ratings VALUES (5, 1592 , user7);
INSERT INTO Ratings VALUES (5, 1593 , user7);
INSERT INTO Ratings VALUES (5, 1594 , user7);
INSERT INTO Ratings VALUES (5, 1595 , user7);
INSERT INTO Ratings VALUES (5, 1596 , user7);
INSERT INTO Ratings VALUES (5, 1597 , user7);
INSERT INTO Ratings VALUES (5, 1598 , user7);
INSERT INTO Ratings VALUES (5, 1599 , user7);
INSERT INTO Ratings VALUES (5, 1600 , user7);
INSERT INTO Ratings VALUES (5, 1601 , user7);
INSERT INTO Ratings VALUES (5, 1602 , user7);
INSERT INTO Ratings VALUES (5, 1603 , user7);
INSERT INTO Ratings VALUES (5, 1604 , user7);
INSERT INTO Ratings VALUES (5, 1605 , user7);
INSERT INTO Ratings VALUES (5, 1606 , user7);
INSERT INTO Ratings VALUES (5, 1607 , user7);
INSERT INTO Ratings VALUES (5, 1608 , user7);
INSERT INTO Ratings VALUES (5, 1609 , user7);
INSERT INTO Ratings VALUES (5, 1610 , user7);
INSERT INTO Ratings VALUES (5, 1611 , user7);
INSERT INTO Ratings VALUES (5, 1612 , user7);
INSERT INTO Ratings VALUES (5, 1613 , user7);
INSERT INTO Ratings VALUES (5, 1614 , user7);
INSERT INTO Ratings VALUES (5, 1615 , user7);
INSERT INTO Ratings VALUES (5, 1616 , user7);
INSERT INTO Ratings VALUES (5, 1617 , user7);
INSERT INTO Ratings VALUES (5, 1618 , user7);
INSERT INTO Ratings VALUES (5, 1619 , user7);
INSERT INTO Ratings VALUES (5, 1620 , user7);
INSERT INTO Ratings VALUES (5, 1621 , user7);
INSERT INTO Ratings VALUES (5, 1622 , user7);
INSERT INTO Ratings VALUES (5, 1623 , user7);
INSERT INTO Ratings VALUES (5, 1624 , user7);
INSERT INTO Ratings VALUES (5, 1625 , user7);
INSERT INTO Ratings VALUES (5, 1626 , user7);
INSERT INTO Ratings VALUES (5, 1627 , user7);
INSERT INTO Ratings VALUES (5, 1628 , user7);
INSERT INTO Ratings VALUES (5, 1629 , user7);
INSERT INTO Ratings VALUES (5, 1630 , user7);
INSERT INTO Ratings VALUES (5, 1631 , user7);
INSERT INTO Ratings VALUES (5, 1632 , user7);
INSERT INTO Ratings VALUES (5, 1633 , user7);
INSERT INTO Ratings VALUES (5, 1634 , user7);
INSERT INTO Ratings VALUES (5, 1635 , user7);
INSERT INTO Ratings VALUES (5, 1636 , user7);
INSERT INTO Ratings VALUES (5, 1637 , user7);
INSERT INTO Ratings VALUES (5, 1638 , user7);
INSERT INTO Ratings VALUES (5, 1639 , user7);
INSERT INTO Ratings VALUES (5, 1640 , user7);
INSERT INTO Ratings VALUES (5, 1641 , user7);
INSERT INTO Ratings VALUES (5, 1642 , user7);
INSERT INTO Ratings VALUES (5, 1643 , user7);
INSERT INTO Ratings VALUES (5, 1644 , user7);
INSERT INTO Ratings VALUES (5, 1645 , user7);
INSERT INTO Ratings VALUES (5, 1646 , user7);
INSERT INTO Ratings VALUES (5, 1647 , user7);
INSERT INTO Ratings VALUES (5, 1648 , user7);
INSERT INTO Ratings VALUES (5, 1649 , user7);
INSERT INTO Ratings VALUES (5, 1650 , user7);
INSERT INTO Ratings VALUES (5, 1651 , user7);
INSERT INTO Ratings VALUES (5, 1652 , user7);
INSERT INTO Ratings VALUES (5, 1653 , user7);
INSERT INTO Ratings VALUES (5, 1654 , user7);
INSERT INTO Ratings VALUES (5, 1655 , user7);
INSERT INTO Ratings VALUES (5, 1656 , user7);
INSERT INTO Ratings VALUES (5, 1657 , user7);
INSERT INTO Ratings VALUES (5, 1658 , user7);
INSERT INTO Ratings VALUES (5, 1659 , user7);
INSERT INTO Ratings VALUES (5, 1660 , user7);
INSERT INTO Ratings VALUES (5, 1661 , user7);
INSERT INTO Ratings VALUES (5, 1662 , user7);
INSERT INTO Ratings VALUES (5, 1663 , user7);
INSERT INTO Ratings VALUES (5, 1664 , user7);
INSERT INTO Ratings VALUES (5, 1665 , user7);
INSERT INTO Ratings VALUES (5, 1666 , user7);
INSERT INTO Ratings VALUES (5, 1667 , user7);
INSERT INTO Ratings VALUES (5, 1668 , user7);
INSERT INTO Ratings VALUES (5, 1669 , user7);
INSERT INTO Ratings VALUES (5, 1670 , user7);
INSERT INTO Ratings VALUES (5, 1671 , user7);
INSERT INTO Ratings VALUES (5, 1672 , user7);
INSERT INTO Ratings VALUES (5, 1673 , user7);
INSERT INTO Ratings VALUES (5, 1674 , user7);
INSERT INTO Ratings VALUES (5, 1675 , user7);
INSERT INTO Ratings VALUES (5, 1676 , user7);
INSERT INTO Ratings VALUES (5, 1677 , user7);
INSERT INTO Ratings VALUES (5, 1678 , user7);
INSERT INTO Ratings VALUES (5, 1679 , user7);
INSERT INTO Ratings VALUES (5, 1680 , user7);
INSERT INTO Ratings VALUES (5, 1681 , user7);
INSERT INTO Ratings VALUES (5, 1682 , user7);
INSERT INTO Ratings VALUES (5, 1683 , user7);
INSERT INTO Ratings VALUES (5, 1684 , user7);
INSERT INTO Ratings VALUES (5, 1685 , user7);
INSERT INTO Ratings VALUES (5, 1686 , user7);
INSERT INTO Ratings VALUES (5, 1687 , user7);
INSERT INTO Ratings VALUES (5, 1688 , user7);
INSERT INTO Ratings VALUES (5, 1689 , user7);
INSERT INTO Ratings VALUES (5, 1690 , user7);
INSERT INTO Ratings VALUES (5, 1691 , user7);
INSERT INTO Ratings VALUES (5, 1692 , user7);
INSERT INTO Ratings VALUES (5, 1693 , user7);
INSERT INTO Ratings VALUES (5, 1694 , user7);
INSERT INTO Ratings VALUES (5, 1695 , user7);
INSERT INTO Ratings VALUES (5, 1696 , user7);
INSERT INTO Ratings VALUES (5, 1697 , user7);
INSERT INTO Ratings VALUES (5, 1698 , user7);
INSERT INTO Ratings VALUES (5, 1699 , user7);
INSERT INTO Ratings VALUES (5, 1700 , user7);
INSERT INTO Ratings VALUES (5, 1701 , user7);
INSERT INTO Ratings VALUES (5, 1702 , user7);
INSERT INTO Ratings VALUES (5, 1703 , user7);
INSERT INTO Ratings VALUES (5, 1704 , user7);
INSERT INTO Ratings VALUES (5, 1705 , user7);
INSERT INTO Ratings VALUES (5, 1706 , user7);
INSERT INTO Ratings VALUES (5, 1707 , user7);
INSERT INTO Ratings VALUES (5, 1708 , user7);
INSERT INTO Ratings VALUES (5, 1709 , user7);
INSERT INTO Ratings VALUES (5, 1710 , user7);
INSERT INTO Ratings VALUES (5, 1711 , user7);
INSERT INTO Ratings VALUES (5, 1712 , user7);
INSERT INTO Ratings VALUES (5, 1713 , user7);
INSERT INTO Ratings VALUES (5, 1714 , user7);
INSERT INTO Ratings VALUES (5, 1715 , user7);
INSERT INTO Ratings VALUES (5, 1716 , user7);
INSERT INTO Ratings VALUES (5, 1717 , user7);
INSERT INTO Ratings VALUES (5, 1718 , user7);
INSERT INTO Ratings VALUES (5, 1719 , user7);
INSERT INTO Ratings VALUES (5, 1720 , user7);
INSERT INTO Ratings VALUES (5, 1721 , user7);
INSERT INTO Ratings VALUES (5, 1722 , user7);
INSERT INTO Ratings VALUES (5, 1723 , user7);
INSERT INTO Ratings VALUES (5, 1724 , user7);
INSERT INTO Ratings VALUES (5, 1725 , user7);
INSERT INTO Ratings VALUES (5, 1726 , user7);
INSERT INTO Ratings VALUES (5, 1727 , user7);
INSERT INTO Ratings VALUES (5, 1728 , user7);
INSERT INTO Ratings VALUES (5, 1729 , user7);
INSERT INTO Ratings VALUES (5, 1730 , user7);
INSERT INTO Ratings VALUES (5, 1731 , user7);
INSERT INTO Ratings VALUES (5, 1732 , user7);
INSERT INTO Ratings VALUES (5, 1733 , user7);
INSERT INTO Ratings VALUES (5, 1734 , user7);
INSERT INTO Ratings VALUES (5, 1735 , user7);
INSERT INTO Ratings VALUES (5, 1736 , user7);
INSERT INTO Ratings VALUES (5, 1737 , user7);
INSERT INTO Ratings VALUES (5, 1738 , user7);
INSERT INTO Ratings VALUES (5, 1739 , user7);
INSERT INTO Ratings VALUES (5, 1740 , user7);
INSERT INTO Ratings VALUES (5, 1741 , user7);
INSERT INTO Ratings VALUES (5, 1742 , user7);
INSERT INTO Ratings VALUES (5, 1743 , user7);
INSERT INTO Ratings VALUES (5, 1744 , user7);
INSERT INTO Ratings VALUES (5, 1745 , user7);
INSERT INTO Ratings VALUES (5, 1746 , user7);
INSERT INTO Ratings VALUES (5, 1747 , user7);
INSERT INTO Ratings VALUES (5, 1748 , user7);
INSERT INTO Ratings VALUES (5, 1749 , user7);
INSERT INTO Ratings VALUES (5, 1750 , user7);
INSERT INTO Ratings VALUES (5, 1751 , user7);
INSERT INTO Ratings VALUES (5, 1752 , user7);
INSERT INTO Ratings VALUES (5, 1753 , user7);
INSERT INTO Ratings VALUES (5, 1754 , user7);
INSERT INTO Ratings VALUES (5, 1755 , user7);
INSERT INTO Ratings VALUES (5, 1756 , user7);
INSERT INTO Ratings VALUES (5, 1757 , user7);
INSERT INTO Ratings VALUES (5, 1758 , user7);
INSERT INTO Ratings VALUES (5, 1759 , user7);
INSERT INTO Ratings VALUES (5, 1760 , user7);
INSERT INTO Ratings VALUES (5, 1761 , user7);
INSERT INTO Ratings VALUES (5, 1762 , user7);
INSERT INTO Ratings VALUES (5, 1763 , user7);
INSERT INTO Ratings VALUES (5, 1764 , user7);
INSERT INTO Ratings VALUES (5, 1765 , user7);
INSERT INTO Ratings VALUES (5, 1766 , user7);
INSERT INTO Ratings VALUES (5, 1767 , user7);
INSERT INTO Ratings VALUES (5, 1768 , user7);
INSERT INTO Ratings VALUES (5, 1769 , user7);
INSERT INTO Ratings VALUES (5, 1770 , user7);
INSERT INTO Ratings VALUES (5, 1771 , user7);
INSERT INTO Ratings VALUES (5, 1772 , user7);
INSERT INTO Ratings VALUES (5, 1773 , user7);
INSERT INTO Ratings VALUES (5, 1774 , user7);
INSERT INTO Ratings VALUES (5, 1775 , user7);
INSERT INTO Ratings VALUES (5, 1776 , user7);
INSERT INTO Ratings VALUES (5, 1777 , user7);
INSERT INTO Ratings VALUES (5, 1778 , user7);
INSERT INTO Ratings VALUES (5, 1779 , user7);
INSERT INTO Ratings VALUES (5, 1780 , user7);
INSERT INTO Ratings VALUES (5, 1781 , user7);
INSERT INTO Ratings VALUES (5, 1782 , user7);
INSERT INTO Ratings VALUES (5, 1783 , user7);
INSERT INTO Ratings VALUES (5, 1784 , user7);
INSERT INTO Ratings VALUES (5, 1785 , user7);
INSERT INTO Ratings VALUES (5, 1786 , user7);
INSERT INTO Ratings VALUES (5, 1787 , user7);
INSERT INTO Ratings VALUES (5, 1788 , user7);
INSERT INTO Ratings VALUES (5, 1789 , user7);
INSERT INTO Ratings VALUES (5, 1790 , user7);
INSERT INTO Ratings VALUES (5, 1791 , user7);
INSERT INTO Ratings VALUES (5, 1792 , user7);
INSERT INTO Ratings VALUES (5, 1793 , user7);
INSERT INTO Ratings VALUES (5, 1794 , user7);
INSERT INTO Ratings VALUES (5, 1795 , user7);
INSERT INTO Ratings VALUES (5, 1796 , user7);
INSERT INTO Ratings VALUES (5, 1797 , user7);
INSERT INTO Ratings VALUES (5, 1798 , user7);
INSERT INTO Ratings VALUES (5, 1799 , user7);
INSERT INTO Ratings VALUES (5, 1800 , user7);
INSERT INTO Ratings VALUES (5, 1801 , user7);
INSERT INTO Ratings VALUES (5, 1802 , user7);
INSERT INTO Ratings VALUES (5, 1803 , user7);
INSERT INTO Ratings VALUES (5, 1804 , user7);
INSERT INTO Ratings VALUES (5, 1805 , user7);
INSERT INTO Ratings VALUES (5, 1806 , user7);
INSERT INTO Ratings VALUES (5, 1807 , user7);
INSERT INTO Ratings VALUES (5, 1808 , user7);
INSERT INTO Ratings VALUES (5, 1809 , user7);
INSERT INTO Ratings VALUES (5, 1810 , user7);
INSERT INTO Ratings VALUES (5, 1811 , user7);
INSERT INTO Ratings VALUES (5, 1812 , user7);
INSERT INTO Ratings VALUES (5, 1813 , user7);
INSERT INTO Ratings VALUES (5, 1814 , user7);
INSERT INTO Ratings VALUES (5, 1815 , user7);
INSERT INTO Ratings VALUES (5, 1816 , user7);
INSERT INTO Ratings VALUES (5, 1817 , user7);
INSERT INTO Ratings VALUES (5, 1818 , user7);
INSERT INTO Ratings VALUES (5, 1819 , user7);
INSERT INTO Ratings VALUES (5, 1820 , user7);
INSERT INTO Ratings VALUES (5, 1821 , user7);
INSERT INTO Ratings VALUES (5, 1822 , user7);
INSERT INTO Ratings VALUES (5, 1823 , user7);
INSERT INTO Ratings VALUES (5, 1824 , user7);
INSERT INTO Ratings VALUES (5, 1825 , user7);
INSERT INTO Ratings VALUES (5, 1826 , user7);
INSERT INTO Ratings VALUES (5, 1827 , user7);
INSERT INTO Ratings VALUES (5, 1828 , user7);
INSERT INTO Ratings VALUES (5, 1829 , user7);
INSERT INTO Ratings VALUES (5, 1830 , user7);
INSERT INTO Ratings VALUES (5, 1831 , user7);
INSERT INTO Ratings VALUES (5, 1832 , user7);
INSERT INTO Ratings VALUES (5, 1833 , user7);
INSERT INTO Ratings VALUES (5, 1834 , user7);
INSERT INTO Ratings VALUES (5, 1835 , user7);
INSERT INTO Ratings VALUES (5, 1836 , user7);
INSERT INTO Ratings VALUES (5, 1837 , user7);
INSERT INTO Ratings VALUES (5, 1838 , user7);
INSERT INTO Ratings VALUES (5, 1839 , user7);
INSERT INTO Ratings VALUES (5, 1840 , user7);
INSERT INTO Ratings VALUES (5, 1841 , user7);
INSERT INTO Ratings VALUES (5, 1842 , user7);
INSERT INTO Ratings VALUES (5, 1843 , user7);
INSERT INTO Ratings VALUES (5, 1844 , user7);
INSERT INTO Ratings VALUES (5, 1845 , user7);
INSERT INTO Ratings VALUES (5, 1846 , user7);
INSERT INTO Ratings VALUES (5, 1847 , user7);
INSERT INTO Ratings VALUES (5, 1848 , user7);
INSERT INTO Ratings VALUES (5, 1849 , user7);
INSERT INTO Ratings VALUES (5, 1850 , user7);
INSERT INTO Ratings VALUES (5, 1851 , user7);
INSERT INTO Ratings VALUES (5, 1852 , user7);
INSERT INTO Ratings VALUES (5, 1853 , user7);
INSERT INTO Ratings VALUES (5, 1854 , user7);
INSERT INTO Ratings VALUES (5, 1855 , user7);
INSERT INTO Ratings VALUES (5, 1856 , user7);
INSERT INTO Ratings VALUES (5, 1857 , user7);
INSERT INTO Ratings VALUES (5, 1858 , user7);
INSERT INTO Ratings VALUES (5, 1859 , user7);
INSERT INTO Ratings VALUES (5, 1860 , user7);
INSERT INTO Ratings VALUES (5, 1861 , user7);
INSERT INTO Ratings VALUES (5, 1862 , user7);
INSERT INTO Ratings VALUES (5, 1863 , user7);
INSERT INTO Ratings VALUES (5, 1864 , user7);
INSERT INTO Ratings VALUES (5, 1865 , user7);
INSERT INTO Ratings VALUES (5, 1866 , user7);
INSERT INTO Ratings VALUES (5, 1867 , user7);
INSERT INTO Ratings VALUES (5, 1868 , user7);
INSERT INTO Ratings VALUES (5, 1869 , user7);
INSERT INTO Ratings VALUES (5, 1870 , user7);
INSERT INTO Ratings VALUES (5, 1871 , user7);
INSERT INTO Ratings VALUES (5, 1872 , user7);
INSERT INTO Ratings VALUES (5, 1873 , user7);
INSERT INTO Ratings VALUES (5, 1874 , user7);
INSERT INTO Ratings VALUES (5, 1875 , user7);
INSERT INTO Ratings VALUES (5, 1876 , user7);
INSERT INTO Ratings VALUES (5, 1877 , user7);
INSERT INTO Ratings VALUES (5, 1878 , user7);
INSERT INTO Ratings VALUES (5, 1879 , user7);
INSERT INTO Ratings VALUES (5, 1880 , user7);
INSERT INTO Ratings VALUES (5, 1881 , user7);
INSERT INTO Ratings VALUES (5, 1882 , user7);
INSERT INTO Ratings VALUES (5, 1883 , user7);
INSERT INTO Ratings VALUES (5, 1884 , user7);
INSERT INTO Ratings VALUES (5, 1885 , user7);
INSERT INTO Ratings VALUES (5, 1886 , user7);
INSERT INTO Ratings VALUES (5, 1887 , user7);
INSERT INTO Ratings VALUES (5, 1888 , user7);
INSERT INTO Ratings VALUES (5, 1889 , user7);
INSERT INTO Ratings VALUES (5, 1890 , user7);
INSERT INTO Ratings VALUES (5, 1891 , user7);
INSERT INTO Ratings VALUES (5, 1892 , user7);
INSERT INTO Ratings VALUES (5, 1893 , user7);
INSERT INTO Ratings VALUES (5, 1894 , user7);
INSERT INTO Ratings VALUES (5, 1895 , user7);
INSERT INTO Ratings VALUES (5, 1896 , user7);
INSERT INTO Ratings VALUES (5, 1897 , user7);
INSERT INTO Ratings VALUES (5, 1898 , user7);
INSERT INTO Ratings VALUES (5, 1899 , user7);
INSERT INTO Ratings VALUES (5, 1900 , user7);
INSERT INTO Ratings VALUES (5, 1901 , user7);
INSERT INTO Ratings VALUES (5, 1902 , user7);
INSERT INTO Ratings VALUES (5, 1903 , user7);
INSERT INTO Ratings VALUES (5, 1904 , user7);
INSERT INTO Ratings VALUES (5, 1905 , user7);
INSERT INTO Ratings VALUES (5, 1906 , user7);
INSERT INTO Ratings VALUES (5, 1907 , user7);
INSERT INTO Ratings VALUES (5, 1908 , user7);
INSERT INTO Ratings VALUES (5, 1909 , user7);
INSERT INTO Ratings VALUES (5, 1910 , user7);
INSERT INTO Ratings VALUES (5, 1911 , user7);
INSERT INTO Ratings VALUES (5, 1912 , user7);
INSERT INTO Ratings VALUES (5, 1913 , user7);
INSERT INTO Ratings VALUES (5, 1914 , user7);
INSERT INTO Ratings VALUES (5, 1915 , user7);
INSERT INTO Ratings VALUES (5, 1916 , user7);
INSERT INTO Ratings VALUES (5, 1917 , user7);
INSERT INTO Ratings VALUES (5, 1918 , user7);
INSERT INTO Ratings VALUES (5, 1919 , user7);
INSERT INTO Ratings VALUES (5, 1920 , user7);
INSERT INTO Ratings VALUES (5, 1921 , user7);
INSERT INTO Ratings VALUES (5, 1922 , user7);
INSERT INTO Ratings VALUES (5, 1923 , user7);
INSERT INTO Ratings VALUES (5, 1924 , user7);
INSERT INTO Ratings VALUES (5, 1925 , user7);
INSERT INTO Ratings VALUES (5, 1926 , user7);
INSERT INTO Ratings VALUES (5, 1927 , user7);
INSERT INTO Ratings VALUES (5, 1928 , user7);
INSERT INTO Ratings VALUES (5, 1929 , user7);
INSERT INTO Ratings VALUES (5, 1930 , user7);
INSERT INTO Ratings VALUES (5, 1931 , user7);
INSERT INTO Ratings VALUES (5, 1932 , user7);
INSERT INTO Ratings VALUES (5, 1933 , user7);
INSERT INTO Ratings VALUES (5, 1934 , user7);
INSERT INTO Ratings VALUES (5, 1935 , user7);
INSERT INTO Ratings VALUES (5, 1936 , user7);
INSERT INTO Ratings VALUES (5, 1937 , user7);
INSERT INTO Ratings VALUES (5, 1938 , user7);
INSERT INTO Ratings VALUES (5, 1939 , user7);
INSERT INTO Ratings VALUES (5, 1940 , user7);
INSERT INTO Ratings VALUES (5, 1941 , user7);
INSERT INTO Ratings VALUES (5, 1942 , user7);
INSERT INTO Ratings VALUES (5, 1943 , user7);
INSERT INTO Ratings VALUES (5, 1944 , user7);
INSERT INTO Ratings VALUES (5, 1945 , user7);
INSERT INTO Ratings VALUES (5, 1946 , user7);
INSERT INTO Ratings VALUES (5, 1947 , user7);
INSERT INTO Ratings VALUES (5, 1948 , user7);
INSERT INTO Ratings VALUES (5, 1949 , user7);
INSERT INTO Ratings VALUES (5, 1950 , user7);
INSERT INTO Ratings VALUES (5, 1951 , user7);
INSERT INTO Ratings VALUES (5, 1952 , user7);
INSERT INTO Ratings VALUES (5, 1953 , user7);
INSERT INTO Ratings VALUES (5, 1954 , user7);
INSERT INTO Ratings VALUES (5, 1955 , user7);
INSERT INTO Ratings VALUES (5, 1956 , user7);
INSERT INTO Ratings VALUES (5, 1957 , user7);
INSERT INTO Ratings VALUES (5, 1958 , user7);
INSERT INTO Ratings VALUES (5, 1959 , user7);
INSERT INTO Ratings VALUES (5, 1960 , user7);
INSERT INTO Ratings VALUES (5, 1961 , user7);
INSERT INTO Ratings VALUES (5, 1962 , user7);
INSERT INTO Ratings VALUES (5, 1963 , user7);
INSERT INTO Ratings VALUES (5, 1964 , user7);
INSERT INTO Ratings VALUES (5, 1965 , user7);
INSERT INTO Ratings VALUES (5, 1966 , user7);
INSERT INTO Ratings VALUES (5, 1967 , user7);
INSERT INTO Ratings VALUES (5, 1968 , user7);
INSERT INTO Ratings VALUES (5, 1969 , user7);
INSERT INTO Ratings VALUES (5, 1970 , user7);
INSERT INTO Ratings VALUES (5, 1971 , user7);
INSERT INTO Ratings VALUES (5, 1972 , user7);
INSERT INTO Ratings VALUES (5, 1973 , user7);
INSERT INTO Ratings VALUES (5, 1974 , user7);
INSERT INTO Ratings VALUES (5, 1975 , user7);
INSERT INTO Ratings VALUES (5, 1976 , user7);
INSERT INTO Ratings VALUES (5, 1977 , user7);
INSERT INTO Ratings VALUES (5, 1978 , user7);
INSERT INTO Ratings VALUES (5, 1979 , user7);
INSERT INTO Ratings VALUES (5, 1980 , user7);
INSERT INTO Ratings VALUES (5, 1981 , user7);
INSERT INTO Ratings VALUES (5, 1982 , user7);
INSERT INTO Ratings VALUES (5, 1983 , user7);
INSERT INTO Ratings VALUES (5, 1984 , user7);
INSERT INTO Ratings VALUES (5, 1985 , user7);
INSERT INTO Ratings VALUES (5, 1986 , user7);
INSERT INTO Ratings VALUES (5, 1987 , user7);
INSERT INTO Ratings VALUES (5, 1988 , user7);
INSERT INTO Ratings VALUES (5, 1989 , user7);
INSERT INTO Ratings VALUES (5, 1990 , user7);
INSERT INTO Ratings VALUES (5, 1991 , user7);
INSERT INTO Ratings VALUES (5, 1992 , user7);
INSERT INTO Ratings VALUES (5, 1993 , user7);
INSERT INTO Ratings VALUES (5, 1994 , user7);
INSERT INTO Ratings VALUES (5, 1995 , user7);
INSERT INTO Ratings VALUES (5, 1996 , user7);
INSERT INTO Ratings VALUES (5, 1997 , user7);
INSERT INTO Ratings VALUES (5, 1998 , user7);
INSERT INTO Ratings VALUES (5, 1999 , user7);

-- User 8
INSERT INTO Users VALUES (user8, user8password);
--User8 Ratings
INSERT INTO Ratings VALUES (2, 2000 , user8);
INSERT INTO Ratings VALUES (2, 2001 , user8);
INSERT INTO Ratings VALUES (2, 2002 , user8);
INSERT INTO Ratings VALUES (2, 2003 , user8);
INSERT INTO Ratings VALUES (2, 2004 , user8);
INSERT INTO Ratings VALUES (2, 2005 , user8);
INSERT INTO Ratings VALUES (2, 2006 , user8);
INSERT INTO Ratings VALUES (2, 2007 , user8);
INSERT INTO Ratings VALUES (2, 2008 , user8);
INSERT INTO Ratings VALUES (2, 2009 , user8);
INSERT INTO Ratings VALUES (2, 2010 , user8);
INSERT INTO Ratings VALUES (2, 2011 , user8);
INSERT INTO Ratings VALUES (2, 2012 , user8);
INSERT INTO Ratings VALUES (2, 2013 , user8);
INSERT INTO Ratings VALUES (2, 2014 , user8);
INSERT INTO Ratings VALUES (2, 2015 , user8);
INSERT INTO Ratings VALUES (2, 2016 , user8);
INSERT INTO Ratings VALUES (2, 2017 , user8);
INSERT INTO Ratings VALUES (2, 2018 , user8);
INSERT INTO Ratings VALUES (2, 2019 , user8);
INSERT INTO Ratings VALUES (2, 2020 , user8);
INSERT INTO Ratings VALUES (2, 2021 , user8);
INSERT INTO Ratings VALUES (2, 2022 , user8);
INSERT INTO Ratings VALUES (2, 2023 , user8);
INSERT INTO Ratings VALUES (2, 2024 , user8);
INSERT INTO Ratings VALUES (2, 2025 , user8);
INSERT INTO Ratings VALUES (2, 2026 , user8);
INSERT INTO Ratings VALUES (2, 2027 , user8);
INSERT INTO Ratings VALUES (2, 2028 , user8);
INSERT INTO Ratings VALUES (2, 2029 , user8);
INSERT INTO Ratings VALUES (2, 2030 , user8);
INSERT INTO Ratings VALUES (2, 2031 , user8);
INSERT INTO Ratings VALUES (2, 2032 , user8);
INSERT INTO Ratings VALUES (2, 2033 , user8);
INSERT INTO Ratings VALUES (2, 2034 , user8);
INSERT INTO Ratings VALUES (2, 2035 , user8);
INSERT INTO Ratings VALUES (2, 2036 , user8);
INSERT INTO Ratings VALUES (2, 2037 , user8);
INSERT INTO Ratings VALUES (2, 2038 , user8);
INSERT INTO Ratings VALUES (2, 2039 , user8);
INSERT INTO Ratings VALUES (2, 2040 , user8);
INSERT INTO Ratings VALUES (2, 2041 , user8);
INSERT INTO Ratings VALUES (2, 2042 , user8);
INSERT INTO Ratings VALUES (2, 2043 , user8);
INSERT INTO Ratings VALUES (2, 2044 , user8);
INSERT INTO Ratings VALUES (2, 2045 , user8);
INSERT INTO Ratings VALUES (2, 2046 , user8);
INSERT INTO Ratings VALUES (2, 2047 , user8);
INSERT INTO Ratings VALUES (2, 2048 , user8);
INSERT INTO Ratings VALUES (2, 2049 , user8);
INSERT INTO Ratings VALUES (2, 2050 , user8);
INSERT INTO Ratings VALUES (2, 2051 , user8);
INSERT INTO Ratings VALUES (2, 2052 , user8);
INSERT INTO Ratings VALUES (2, 2053 , user8);
INSERT INTO Ratings VALUES (2, 2054 , user8);
INSERT INTO Ratings VALUES (2, 2055 , user8);
INSERT INTO Ratings VALUES (2, 2056 , user8);
INSERT INTO Ratings VALUES (2, 2057 , user8);
INSERT INTO Ratings VALUES (2, 2058 , user8);
INSERT INTO Ratings VALUES (2, 2059 , user8);
INSERT INTO Ratings VALUES (2, 2060 , user8);
INSERT INTO Ratings VALUES (2, 2061 , user8);
INSERT INTO Ratings VALUES (2, 2062 , user8);
INSERT INTO Ratings VALUES (2, 2063 , user8);
INSERT INTO Ratings VALUES (2, 2064 , user8);
INSERT INTO Ratings VALUES (2, 2065 , user8);
INSERT INTO Ratings VALUES (2, 2066 , user8);
INSERT INTO Ratings VALUES (2, 2067 , user8);
INSERT INTO Ratings VALUES (2, 2068 , user8);
INSERT INTO Ratings VALUES (2, 2069 , user8);
INSERT INTO Ratings VALUES (2, 2070 , user8);
INSERT INTO Ratings VALUES (2, 2071 , user8);
INSERT INTO Ratings VALUES (2, 2072 , user8);
INSERT INTO Ratings VALUES (2, 2073 , user8);
INSERT INTO Ratings VALUES (2, 2074 , user8);
INSERT INTO Ratings VALUES (2, 2075 , user8);
INSERT INTO Ratings VALUES (2, 2076 , user8);
INSERT INTO Ratings VALUES (2, 2077 , user8);
INSERT INTO Ratings VALUES (2, 2078 , user8);
INSERT INTO Ratings VALUES (2, 2079 , user8);
INSERT INTO Ratings VALUES (2, 2080 , user8);
INSERT INTO Ratings VALUES (2, 2081 , user8);
INSERT INTO Ratings VALUES (2, 2082 , user8);
INSERT INTO Ratings VALUES (2, 2083 , user8);
INSERT INTO Ratings VALUES (2, 2084 , user8);
INSERT INTO Ratings VALUES (2, 2085 , user8);
INSERT INTO Ratings VALUES (2, 2086 , user8);
INSERT INTO Ratings VALUES (2, 2087 , user8);
INSERT INTO Ratings VALUES (2, 2088 , user8);
INSERT INTO Ratings VALUES (2, 2089 , user8);
INSERT INTO Ratings VALUES (2, 2090 , user8);
INSERT INTO Ratings VALUES (2, 2091 , user8);
INSERT INTO Ratings VALUES (2, 2092 , user8);
INSERT INTO Ratings VALUES (2, 2093 , user8);
INSERT INTO Ratings VALUES (2, 2094 , user8);
INSERT INTO Ratings VALUES (2, 2095 , user8);
INSERT INTO Ratings VALUES (2, 2096 , user8);
INSERT INTO Ratings VALUES (2, 2097 , user8);
INSERT INTO Ratings VALUES (2, 2098 , user8);
INSERT INTO Ratings VALUES (2, 2099 , user8);
INSERT INTO Ratings VALUES (2, 2100 , user8);
INSERT INTO Ratings VALUES (2, 2101 , user8);
INSERT INTO Ratings VALUES (2, 2102 , user8);
INSERT INTO Ratings VALUES (2, 2103 , user8);
INSERT INTO Ratings VALUES (2, 2104 , user8);
INSERT INTO Ratings VALUES (2, 2105 , user8);
INSERT INTO Ratings VALUES (2, 2106 , user8);
INSERT INTO Ratings VALUES (2, 2107 , user8);
INSERT INTO Ratings VALUES (2, 2108 , user8);
INSERT INTO Ratings VALUES (2, 2109 , user8);
INSERT INTO Ratings VALUES (2, 2110 , user8);
INSERT INTO Ratings VALUES (2, 2111 , user8);
INSERT INTO Ratings VALUES (2, 2112 , user8);
INSERT INTO Ratings VALUES (2, 2113 , user8);
INSERT INTO Ratings VALUES (2, 2114 , user8);
INSERT INTO Ratings VALUES (2, 2115 , user8);
INSERT INTO Ratings VALUES (2, 2116 , user8);
INSERT INTO Ratings VALUES (2, 2117 , user8);
INSERT INTO Ratings VALUES (2, 2118 , user8);
INSERT INTO Ratings VALUES (2, 2119 , user8);
INSERT INTO Ratings VALUES (2, 2120 , user8);
INSERT INTO Ratings VALUES (2, 2121 , user8);
INSERT INTO Ratings VALUES (2, 2122 , user8);
INSERT INTO Ratings VALUES (2, 2123 , user8);
INSERT INTO Ratings VALUES (2, 2124 , user8);
INSERT INTO Ratings VALUES (2, 2125 , user8);
INSERT INTO Ratings VALUES (2, 2126 , user8);
INSERT INTO Ratings VALUES (2, 2127 , user8);
INSERT INTO Ratings VALUES (2, 2128 , user8);
INSERT INTO Ratings VALUES (2, 2129 , user8);
INSERT INTO Ratings VALUES (2, 2130 , user8);
INSERT INTO Ratings VALUES (2, 2131 , user8);
INSERT INTO Ratings VALUES (2, 2132 , user8);
INSERT INTO Ratings VALUES (2, 2133 , user8);
INSERT INTO Ratings VALUES (2, 2134 , user8);
INSERT INTO Ratings VALUES (2, 2135 , user8);
INSERT INTO Ratings VALUES (2, 2136 , user8);
INSERT INTO Ratings VALUES (2, 2137 , user8);
INSERT INTO Ratings VALUES (2, 2138 , user8);
INSERT INTO Ratings VALUES (2, 2139 , user8);
INSERT INTO Ratings VALUES (2, 2140 , user8);
INSERT INTO Ratings VALUES (2, 2141 , user8);
INSERT INTO Ratings VALUES (2, 2142 , user8);
INSERT INTO Ratings VALUES (2, 2143 , user8);
INSERT INTO Ratings VALUES (2, 2144 , user8);
INSERT INTO Ratings VALUES (2, 2145 , user8);
INSERT INTO Ratings VALUES (2, 2146 , user8);
INSERT INTO Ratings VALUES (2, 2147 , user8);
INSERT INTO Ratings VALUES (2, 2148 , user8);
INSERT INTO Ratings VALUES (2, 2149 , user8);
INSERT INTO Ratings VALUES (2, 2150 , user8);
INSERT INTO Ratings VALUES (2, 2151 , user8);
INSERT INTO Ratings VALUES (2, 2152 , user8);
INSERT INTO Ratings VALUES (2, 2153 , user8);
INSERT INTO Ratings VALUES (2, 2154 , user8);
INSERT INTO Ratings VALUES (2, 2155 , user8);
INSERT INTO Ratings VALUES (2, 2156 , user8);
INSERT INTO Ratings VALUES (2, 2157 , user8);
INSERT INTO Ratings VALUES (2, 2158 , user8);
INSERT INTO Ratings VALUES (2, 2159 , user8);
INSERT INTO Ratings VALUES (2, 2160 , user8);
INSERT INTO Ratings VALUES (2, 2161 , user8);
INSERT INTO Ratings VALUES (2, 2162 , user8);
INSERT INTO Ratings VALUES (2, 2163 , user8);
INSERT INTO Ratings VALUES (2, 2164 , user8);
INSERT INTO Ratings VALUES (2, 2165 , user8);
INSERT INTO Ratings VALUES (2, 2166 , user8);
INSERT INTO Ratings VALUES (2, 2167 , user8);
INSERT INTO Ratings VALUES (2, 2168 , user8);
INSERT INTO Ratings VALUES (2, 2169 , user8);
INSERT INTO Ratings VALUES (2, 2170 , user8);
INSERT INTO Ratings VALUES (2, 2171 , user8);
INSERT INTO Ratings VALUES (2, 2172 , user8);
INSERT INTO Ratings VALUES (2, 2173 , user8);
INSERT INTO Ratings VALUES (2, 2174 , user8);
INSERT INTO Ratings VALUES (2, 2175 , user8);
INSERT INTO Ratings VALUES (2, 2176 , user8);
INSERT INTO Ratings VALUES (2, 2177 , user8);
INSERT INTO Ratings VALUES (2, 2178 , user8);
INSERT INTO Ratings VALUES (2, 2179 , user8);
INSERT INTO Ratings VALUES (2, 2180 , user8);
INSERT INTO Ratings VALUES (2, 2181 , user8);
INSERT INTO Ratings VALUES (2, 2182 , user8);
INSERT INTO Ratings VALUES (2, 2183 , user8);
INSERT INTO Ratings VALUES (2, 2184 , user8);
INSERT INTO Ratings VALUES (2, 2185 , user8);
INSERT INTO Ratings VALUES (2, 2186 , user8);
INSERT INTO Ratings VALUES (2, 2187 , user8);
INSERT INTO Ratings VALUES (2, 2188 , user8);
INSERT INTO Ratings VALUES (2, 2189 , user8);
INSERT INTO Ratings VALUES (2, 2190 , user8);
INSERT INTO Ratings VALUES (2, 2191 , user8);
INSERT INTO Ratings VALUES (2, 2192 , user8);
INSERT INTO Ratings VALUES (2, 2193 , user8);
INSERT INTO Ratings VALUES (2, 2194 , user8);
INSERT INTO Ratings VALUES (2, 2195 , user8);
INSERT INTO Ratings VALUES (2, 2196 , user8);
INSERT INTO Ratings VALUES (2, 2197 , user8);
INSERT INTO Ratings VALUES (2, 2198 , user8);
INSERT INTO Ratings VALUES (2, 2199 , user8);
INSERT INTO Ratings VALUES (2, 2200 , user8);
INSERT INTO Ratings VALUES (2, 2201 , user8);
INSERT INTO Ratings VALUES (2, 2202 , user8);
INSERT INTO Ratings VALUES (2, 2203 , user8);
INSERT INTO Ratings VALUES (2, 2204 , user8);
INSERT INTO Ratings VALUES (2, 2205 , user8);
INSERT INTO Ratings VALUES (2, 2206 , user8);
INSERT INTO Ratings VALUES (2, 2207 , user8);
INSERT INTO Ratings VALUES (2, 2208 , user8);
INSERT INTO Ratings VALUES (2, 2209 , user8);
INSERT INTO Ratings VALUES (2, 2210 , user8);
INSERT INTO Ratings VALUES (2, 2211 , user8);
INSERT INTO Ratings VALUES (2, 2212 , user8);
INSERT INTO Ratings VALUES (2, 2213 , user8);
INSERT INTO Ratings VALUES (2, 2214 , user8);
INSERT INTO Ratings VALUES (2, 2215 , user8);
INSERT INTO Ratings VALUES (2, 2216 , user8);
INSERT INTO Ratings VALUES (2, 2217 , user8);
INSERT INTO Ratings VALUES (2, 2218 , user8);
INSERT INTO Ratings VALUES (2, 2219 , user8);
INSERT INTO Ratings VALUES (2, 2220 , user8);
INSERT INTO Ratings VALUES (2, 2221 , user8);
INSERT INTO Ratings VALUES (2, 2222 , user8);
INSERT INTO Ratings VALUES (2, 2223 , user8);
INSERT INTO Ratings VALUES (2, 2224 , user8);
INSERT INTO Ratings VALUES (2, 2225 , user8);
INSERT INTO Ratings VALUES (2, 2226 , user8);
INSERT INTO Ratings VALUES (2, 2227 , user8);
INSERT INTO Ratings VALUES (2, 2228 , user8);
INSERT INTO Ratings VALUES (2, 2229 , user8);
INSERT INTO Ratings VALUES (2, 2230 , user8);
INSERT INTO Ratings VALUES (2, 2231 , user8);
INSERT INTO Ratings VALUES (2, 2232 , user8);
INSERT INTO Ratings VALUES (2, 2233 , user8);
INSERT INTO Ratings VALUES (2, 2234 , user8);
INSERT INTO Ratings VALUES (2, 2235 , user8);
INSERT INTO Ratings VALUES (2, 2236 , user8);
INSERT INTO Ratings VALUES (2, 2237 , user8);
INSERT INTO Ratings VALUES (2, 2238 , user8);
INSERT INTO Ratings VALUES (2, 2239 , user8);
INSERT INTO Ratings VALUES (2, 2240 , user8);
INSERT INTO Ratings VALUES (2, 2241 , user8);
INSERT INTO Ratings VALUES (2, 2242 , user8);
INSERT INTO Ratings VALUES (2, 2243 , user8);
INSERT INTO Ratings VALUES (2, 2244 , user8);
INSERT INTO Ratings VALUES (2, 2245 , user8);
INSERT INTO Ratings VALUES (2, 2246 , user8);
INSERT INTO Ratings VALUES (2, 2247 , user8);
INSERT INTO Ratings VALUES (2, 2248 , user8);
INSERT INTO Ratings VALUES (2, 2249 , user8);
INSERT INTO Ratings VALUES (2, 2250 , user8);
INSERT INTO Ratings VALUES (2, 2251 , user8);
INSERT INTO Ratings VALUES (2, 2252 , user8);
INSERT INTO Ratings VALUES (2, 2253 , user8);
INSERT INTO Ratings VALUES (2, 2254 , user8);
INSERT INTO Ratings VALUES (2, 2255 , user8);
INSERT INTO Ratings VALUES (2, 2256 , user8);
INSERT INTO Ratings VALUES (2, 2257 , user8);
INSERT INTO Ratings VALUES (2, 2258 , user8);
INSERT INTO Ratings VALUES (2, 2259 , user8);
INSERT INTO Ratings VALUES (2, 2260 , user8);
INSERT INTO Ratings VALUES (2, 2261 , user8);
INSERT INTO Ratings VALUES (2, 2262 , user8);
INSERT INTO Ratings VALUES (2, 2263 , user8);
INSERT INTO Ratings VALUES (2, 2264 , user8);
INSERT INTO Ratings VALUES (2, 2265 , user8);
INSERT INTO Ratings VALUES (2, 2266 , user8);
INSERT INTO Ratings VALUES (2, 2267 , user8);
INSERT INTO Ratings VALUES (2, 2268 , user8);
INSERT INTO Ratings VALUES (2, 2269 , user8);
INSERT INTO Ratings VALUES (2, 2270 , user8);
INSERT INTO Ratings VALUES (2, 2271 , user8);
INSERT INTO Ratings VALUES (2, 2272 , user8);
INSERT INTO Ratings VALUES (2, 2273 , user8);
INSERT INTO Ratings VALUES (2, 2274 , user8);
INSERT INTO Ratings VALUES (2, 2275 , user8);
INSERT INTO Ratings VALUES (2, 2276 , user8);
INSERT INTO Ratings VALUES (2, 2277 , user8);
INSERT INTO Ratings VALUES (2, 2278 , user8);
INSERT INTO Ratings VALUES (2, 2279 , user8);
INSERT INTO Ratings VALUES (2, 2280 , user8);
INSERT INTO Ratings VALUES (2, 2281 , user8);
INSERT INTO Ratings VALUES (2, 2282 , user8);
INSERT INTO Ratings VALUES (2, 2283 , user8);
INSERT INTO Ratings VALUES (2, 2284 , user8);
INSERT INTO Ratings VALUES (2, 2285 , user8);
INSERT INTO Ratings VALUES (2, 2286 , user8);
INSERT INTO Ratings VALUES (2, 2287 , user8);
INSERT INTO Ratings VALUES (2, 2288 , user8);
INSERT INTO Ratings VALUES (2, 2289 , user8);
INSERT INTO Ratings VALUES (2, 2290 , user8);
INSERT INTO Ratings VALUES (2, 2291 , user8);
INSERT INTO Ratings VALUES (2, 2292 , user8);
INSERT INTO Ratings VALUES (2, 2293 , user8);
INSERT INTO Ratings VALUES (2, 2294 , user8);
INSERT INTO Ratings VALUES (2, 2295 , user8);
INSERT INTO Ratings VALUES (2, 2296 , user8);
INSERT INTO Ratings VALUES (2, 2297 , user8);
INSERT INTO Ratings VALUES (2, 2298 , user8);
INSERT INTO Ratings VALUES (2, 2299 , user8);
INSERT INTO Ratings VALUES (2, 2300 , user8);
INSERT INTO Ratings VALUES (2, 2301 , user8);
INSERT INTO Ratings VALUES (2, 2302 , user8);
INSERT INTO Ratings VALUES (2, 2303 , user8);
INSERT INTO Ratings VALUES (2, 2304 , user8);
INSERT INTO Ratings VALUES (2, 2305 , user8);
INSERT INTO Ratings VALUES (2, 2306 , user8);
INSERT INTO Ratings VALUES (2, 2307 , user8);
INSERT INTO Ratings VALUES (2, 2308 , user8);
INSERT INTO Ratings VALUES (2, 2309 , user8);
INSERT INTO Ratings VALUES (2, 2310 , user8);
INSERT INTO Ratings VALUES (2, 2311 , user8);
INSERT INTO Ratings VALUES (2, 2312 , user8);
INSERT INTO Ratings VALUES (2, 2313 , user8);
INSERT INTO Ratings VALUES (2, 2314 , user8);
INSERT INTO Ratings VALUES (2, 2315 , user8);
INSERT INTO Ratings VALUES (2, 2316 , user8);
INSERT INTO Ratings VALUES (2, 2317 , user8);
INSERT INTO Ratings VALUES (2, 2318 , user8);
INSERT INTO Ratings VALUES (2, 2319 , user8);
INSERT INTO Ratings VALUES (2, 2320 , user8);
INSERT INTO Ratings VALUES (2, 2321 , user8);
INSERT INTO Ratings VALUES (2, 2322 , user8);
INSERT INTO Ratings VALUES (2, 2323 , user8);
INSERT INTO Ratings VALUES (2, 2324 , user8);
INSERT INTO Ratings VALUES (2, 2325 , user8);
INSERT INTO Ratings VALUES (2, 2326 , user8);
INSERT INTO Ratings VALUES (2, 2327 , user8);
INSERT INTO Ratings VALUES (2, 2328 , user8);
INSERT INTO Ratings VALUES (2, 2329 , user8);
INSERT INTO Ratings VALUES (2, 2330 , user8);
INSERT INTO Ratings VALUES (2, 2331 , user8);
INSERT INTO Ratings VALUES (2, 2332 , user8);
INSERT INTO Ratings VALUES (2, 2333 , user8);
INSERT INTO Ratings VALUES (2, 2334 , user8);
INSERT INTO Ratings VALUES (2, 2335 , user8);
INSERT INTO Ratings VALUES (2, 2336 , user8);
INSERT INTO Ratings VALUES (2, 2337 , user8);
INSERT INTO Ratings VALUES (2, 2338 , user8);
INSERT INTO Ratings VALUES (2, 2339 , user8);
INSERT INTO Ratings VALUES (2, 2340 , user8);
INSERT INTO Ratings VALUES (2, 2341 , user8);
INSERT INTO Ratings VALUES (2, 2342 , user8);
INSERT INTO Ratings VALUES (2, 2343 , user8);
INSERT INTO Ratings VALUES (2, 2344 , user8);
INSERT INTO Ratings VALUES (2, 2345 , user8);
INSERT INTO Ratings VALUES (2, 2346 , user8);
INSERT INTO Ratings VALUES (2, 2347 , user8);
INSERT INTO Ratings VALUES (2, 2348 , user8);
INSERT INTO Ratings VALUES (2, 2349 , user8);
INSERT INTO Ratings VALUES (2, 2350 , user8);
INSERT INTO Ratings VALUES (2, 2351 , user8);
INSERT INTO Ratings VALUES (2, 2352 , user8);
INSERT INTO Ratings VALUES (2, 2353 , user8);
INSERT INTO Ratings VALUES (2, 2354 , user8);
INSERT INTO Ratings VALUES (2, 2355 , user8);
INSERT INTO Ratings VALUES (2, 2356 , user8);
INSERT INTO Ratings VALUES (2, 2357 , user8);
INSERT INTO Ratings VALUES (2, 2358 , user8);
INSERT INTO Ratings VALUES (2, 2359 , user8);
INSERT INTO Ratings VALUES (2, 2360 , user8);
INSERT INTO Ratings VALUES (2, 2361 , user8);
INSERT INTO Ratings VALUES (2, 2362 , user8);
INSERT INTO Ratings VALUES (2, 2363 , user8);
INSERT INTO Ratings VALUES (2, 2364 , user8);
INSERT INTO Ratings VALUES (2, 2365 , user8);
INSERT INTO Ratings VALUES (2, 2366 , user8);
INSERT INTO Ratings VALUES (2, 2367 , user8);
INSERT INTO Ratings VALUES (2, 2368 , user8);
INSERT INTO Ratings VALUES (2, 2369 , user8);
INSERT INTO Ratings VALUES (2, 2370 , user8);
INSERT INTO Ratings VALUES (2, 2371 , user8);
INSERT INTO Ratings VALUES (2, 2372 , user8);
INSERT INTO Ratings VALUES (2, 2373 , user8);
INSERT INTO Ratings VALUES (2, 2374 , user8);
INSERT INTO Ratings VALUES (2, 2375 , user8);
INSERT INTO Ratings VALUES (2, 2376 , user8);
INSERT INTO Ratings VALUES (2, 2377 , user8);
INSERT INTO Ratings VALUES (2, 2378 , user8);
INSERT INTO Ratings VALUES (2, 2379 , user8);
INSERT INTO Ratings VALUES (2, 2380 , user8);
INSERT INTO Ratings VALUES (2, 2381 , user8);
INSERT INTO Ratings VALUES (2, 2382 , user8);
INSERT INTO Ratings VALUES (2, 2383 , user8);
INSERT INTO Ratings VALUES (2, 2384 , user8);
INSERT INTO Ratings VALUES (2, 2385 , user8);
INSERT INTO Ratings VALUES (2, 2386 , user8);
INSERT INTO Ratings VALUES (2, 2387 , user8);
INSERT INTO Ratings VALUES (2, 2388 , user8);
INSERT INTO Ratings VALUES (2, 2389 , user8);
INSERT INTO Ratings VALUES (2, 2390 , user8);
INSERT INTO Ratings VALUES (2, 2391 , user8);
INSERT INTO Ratings VALUES (2, 2392 , user8);
INSERT INTO Ratings VALUES (2, 2393 , user8);
INSERT INTO Ratings VALUES (2, 2394 , user8);
INSERT INTO Ratings VALUES (2, 2395 , user8);
INSERT INTO Ratings VALUES (2, 2396 , user8);
INSERT INTO Ratings VALUES (2, 2397 , user8);
INSERT INTO Ratings VALUES (2, 2398 , user8);
INSERT INTO Ratings VALUES (2, 2399 , user8);
INSERT INTO Ratings VALUES (2, 2400 , user8);
INSERT INTO Ratings VALUES (2, 2401 , user8);
INSERT INTO Ratings VALUES (2, 2402 , user8);
INSERT INTO Ratings VALUES (2, 2403 , user8);
INSERT INTO Ratings VALUES (2, 2404 , user8);
INSERT INTO Ratings VALUES (2, 2405 , user8);
INSERT INTO Ratings VALUES (2, 2406 , user8);
INSERT INTO Ratings VALUES (2, 2407 , user8);
INSERT INTO Ratings VALUES (2, 2408 , user8);
INSERT INTO Ratings VALUES (2, 2409 , user8);
INSERT INTO Ratings VALUES (2, 2410 , user8);
INSERT INTO Ratings VALUES (2, 2411 , user8);
INSERT INTO Ratings VALUES (2, 2412 , user8);
INSERT INTO Ratings VALUES (2, 2413 , user8);
INSERT INTO Ratings VALUES (2, 2414 , user8);
INSERT INTO Ratings VALUES (2, 2415 , user8);
INSERT INTO Ratings VALUES (2, 2416 , user8);
INSERT INTO Ratings VALUES (2, 2417 , user8);
INSERT INTO Ratings VALUES (2, 2418 , user8);
INSERT INTO Ratings VALUES (2, 2419 , user8);
INSERT INTO Ratings VALUES (2, 2420 , user8);
INSERT INTO Ratings VALUES (2, 2421 , user8);
INSERT INTO Ratings VALUES (2, 2422 , user8);
INSERT INTO Ratings VALUES (2, 2423 , user8);
INSERT INTO Ratings VALUES (2, 2424 , user8);
INSERT INTO Ratings VALUES (2, 2425 , user8);
INSERT INTO Ratings VALUES (2, 2426 , user8);
INSERT INTO Ratings VALUES (2, 2427 , user8);
INSERT INTO Ratings VALUES (2, 2428 , user8);
INSERT INTO Ratings VALUES (2, 2429 , user8);
INSERT INTO Ratings VALUES (2, 2430 , user8);
INSERT INTO Ratings VALUES (2, 2431 , user8);
INSERT INTO Ratings VALUES (2, 2432 , user8);
INSERT INTO Ratings VALUES (2, 2433 , user8);
INSERT INTO Ratings VALUES (2, 2434 , user8);
INSERT INTO Ratings VALUES (2, 2435 , user8);
INSERT INTO Ratings VALUES (2, 2436 , user8);
INSERT INTO Ratings VALUES (2, 2437 , user8);
INSERT INTO Ratings VALUES (2, 2438 , user8);
INSERT INTO Ratings VALUES (2, 2439 , user8);
INSERT INTO Ratings VALUES (2, 2440 , user8);
INSERT INTO Ratings VALUES (2, 2441 , user8);
INSERT INTO Ratings VALUES (2, 2442 , user8);
INSERT INTO Ratings VALUES (2, 2443 , user8);
INSERT INTO Ratings VALUES (2, 2444 , user8);
INSERT INTO Ratings VALUES (2, 2445 , user8);
INSERT INTO Ratings VALUES (2, 2446 , user8);
INSERT INTO Ratings VALUES (2, 2447 , user8);
INSERT INTO Ratings VALUES (2, 2448 , user8);
INSERT INTO Ratings VALUES (2, 2449 , user8);
INSERT INTO Ratings VALUES (2, 2450 , user8);
INSERT INTO Ratings VALUES (2, 2451 , user8);
INSERT INTO Ratings VALUES (2, 2452 , user8);
INSERT INTO Ratings VALUES (2, 2453 , user8);
INSERT INTO Ratings VALUES (2, 2454 , user8);
INSERT INTO Ratings VALUES (2, 2455 , user8);
INSERT INTO Ratings VALUES (2, 2456 , user8);
INSERT INTO Ratings VALUES (2, 2457 , user8);
INSERT INTO Ratings VALUES (2, 2458 , user8);
INSERT INTO Ratings VALUES (2, 2459 , user8);
INSERT INTO Ratings VALUES (2, 2460 , user8);
INSERT INTO Ratings VALUES (2, 2461 , user8);
INSERT INTO Ratings VALUES (2, 2462 , user8);
INSERT INTO Ratings VALUES (2, 2463 , user8);
INSERT INTO Ratings VALUES (2, 2464 , user8);
INSERT INTO Ratings VALUES (2, 2465 , user8);
INSERT INTO Ratings VALUES (2, 2466 , user8);
INSERT INTO Ratings VALUES (2, 2467 , user8);
INSERT INTO Ratings VALUES (2, 2468 , user8);
INSERT INTO Ratings VALUES (2, 2469 , user8);
INSERT INTO Ratings VALUES (2, 2470 , user8);
INSERT INTO Ratings VALUES (2, 2471 , user8);
INSERT INTO Ratings VALUES (2, 2472 , user8);
INSERT INTO Ratings VALUES (2, 2473 , user8);
INSERT INTO Ratings VALUES (2, 2474 , user8);
INSERT INTO Ratings VALUES (2, 2475 , user8);
INSERT INTO Ratings VALUES (2, 2476 , user8);
INSERT INTO Ratings VALUES (2, 2477 , user8);
INSERT INTO Ratings VALUES (2, 2478 , user8);
INSERT INTO Ratings VALUES (2, 2479 , user8);
INSERT INTO Ratings VALUES (2, 2480 , user8);
INSERT INTO Ratings VALUES (2, 2481 , user8);
INSERT INTO Ratings VALUES (2, 2482 , user8);
INSERT INTO Ratings VALUES (2, 2483 , user8);
INSERT INTO Ratings VALUES (2, 2484 , user8);
INSERT INTO Ratings VALUES (2, 2485 , user8);
INSERT INTO Ratings VALUES (2, 2486 , user8);
INSERT INTO Ratings VALUES (2, 2487 , user8);
INSERT INTO Ratings VALUES (2, 2488 , user8);
INSERT INTO Ratings VALUES (2, 2489 , user8);
INSERT INTO Ratings VALUES (2, 2490 , user8);
INSERT INTO Ratings VALUES (2, 2491 , user8);
INSERT INTO Ratings VALUES (2, 2492 , user8);
INSERT INTO Ratings VALUES (2, 2493 , user8);
INSERT INTO Ratings VALUES (2, 2494 , user8);
INSERT INTO Ratings VALUES (2, 2495 , user8);
INSERT INTO Ratings VALUES (2, 2496 , user8);
INSERT INTO Ratings VALUES (2, 2497 , user8);
INSERT INTO Ratings VALUES (2, 2498 , user8);
INSERT INTO Ratings VALUES (2, 2499 , user8);
INSERT INTO Ratings VALUES (2, 2500 , user8);
INSERT INTO Ratings VALUES (2, 2501 , user8);
INSERT INTO Ratings VALUES (2, 2502 , user8);
INSERT INTO Ratings VALUES (2, 2503 , user8);
INSERT INTO Ratings VALUES (2, 2504 , user8);
INSERT INTO Ratings VALUES (2, 2505 , user8);
INSERT INTO Ratings VALUES (2, 2506 , user8);
INSERT INTO Ratings VALUES (2, 2507 , user8);
INSERT INTO Ratings VALUES (2, 2508 , user8);
INSERT INTO Ratings VALUES (2, 2509 , user8);
INSERT INTO Ratings VALUES (2, 2510 , user8);
INSERT INTO Ratings VALUES (2, 2511 , user8);
INSERT INTO Ratings VALUES (2, 2512 , user8);
INSERT INTO Ratings VALUES (2, 2513 , user8);
INSERT INTO Ratings VALUES (2, 2514 , user8);
INSERT INTO Ratings VALUES (2, 2515 , user8);
INSERT INTO Ratings VALUES (2, 2516 , user8);
INSERT INTO Ratings VALUES (2, 2517 , user8);
INSERT INTO Ratings VALUES (2, 2518 , user8);
INSERT INTO Ratings VALUES (2, 2519 , user8);
INSERT INTO Ratings VALUES (2, 2520 , user8);
INSERT INTO Ratings VALUES (2, 2521 , user8);
INSERT INTO Ratings VALUES (2, 2522 , user8);
INSERT INTO Ratings VALUES (2, 2523 , user8);
INSERT INTO Ratings VALUES (2, 2524 , user8);
INSERT INTO Ratings VALUES (2, 2525 , user8);
INSERT INTO Ratings VALUES (2, 2526 , user8);
INSERT INTO Ratings VALUES (2, 2527 , user8);
INSERT INTO Ratings VALUES (2, 2528 , user8);
INSERT INTO Ratings VALUES (2, 2529 , user8);
INSERT INTO Ratings VALUES (2, 2530 , user8);
INSERT INTO Ratings VALUES (2, 2531 , user8);
INSERT INTO Ratings VALUES (2, 2532 , user8);
INSERT INTO Ratings VALUES (2, 2533 , user8);
INSERT INTO Ratings VALUES (2, 2534 , user8);
INSERT INTO Ratings VALUES (2, 2535 , user8);
INSERT INTO Ratings VALUES (2, 2536 , user8);
INSERT INTO Ratings VALUES (2, 2537 , user8);
INSERT INTO Ratings VALUES (2, 2538 , user8);
INSERT INTO Ratings VALUES (2, 2539 , user8);
INSERT INTO Ratings VALUES (2, 2540 , user8);
INSERT INTO Ratings VALUES (2, 2541 , user8);
INSERT INTO Ratings VALUES (2, 2542 , user8);
INSERT INTO Ratings VALUES (2, 2543 , user8);
INSERT INTO Ratings VALUES (2, 2544 , user8);
INSERT INTO Ratings VALUES (2, 2545 , user8);
INSERT INTO Ratings VALUES (2, 2546 , user8);
INSERT INTO Ratings VALUES (2, 2547 , user8);
INSERT INTO Ratings VALUES (2, 2548 , user8);
INSERT INTO Ratings VALUES (2, 2549 , user8);
INSERT INTO Ratings VALUES (2, 2550 , user8);
INSERT INTO Ratings VALUES (2, 2551 , user8);
INSERT INTO Ratings VALUES (2, 2552 , user8);
INSERT INTO Ratings VALUES (2, 2553 , user8);
INSERT INTO Ratings VALUES (2, 2554 , user8);
INSERT INTO Ratings VALUES (2, 2555 , user8);
INSERT INTO Ratings VALUES (2, 2556 , user8);
INSERT INTO Ratings VALUES (2, 2557 , user8);
INSERT INTO Ratings VALUES (2, 2558 , user8);
INSERT INTO Ratings VALUES (2, 2559 , user8);
INSERT INTO Ratings VALUES (2, 2560 , user8);
INSERT INTO Ratings VALUES (2, 2561 , user8);
INSERT INTO Ratings VALUES (2, 2562 , user8);
INSERT INTO Ratings VALUES (2, 2563 , user8);
INSERT INTO Ratings VALUES (2, 2564 , user8);
INSERT INTO Ratings VALUES (2, 2565 , user8);
INSERT INTO Ratings VALUES (2, 2566 , user8);
INSERT INTO Ratings VALUES (2, 2567 , user8);
INSERT INTO Ratings VALUES (2, 2568 , user8);
INSERT INTO Ratings VALUES (2, 2569 , user8);
INSERT INTO Ratings VALUES (2, 2570 , user8);
INSERT INTO Ratings VALUES (2, 2571 , user8);
INSERT INTO Ratings VALUES (2, 2572 , user8);
INSERT INTO Ratings VALUES (2, 2573 , user8);
INSERT INTO Ratings VALUES (2, 2574 , user8);
INSERT INTO Ratings VALUES (2, 2575 , user8);
INSERT INTO Ratings VALUES (2, 2576 , user8);
INSERT INTO Ratings VALUES (2, 2577 , user8);
INSERT INTO Ratings VALUES (2, 2578 , user8);
INSERT INTO Ratings VALUES (2, 2579 , user8);
INSERT INTO Ratings VALUES (2, 2580 , user8);
INSERT INTO Ratings VALUES (2, 2581 , user8);
INSERT INTO Ratings VALUES (2, 2582 , user8);
INSERT INTO Ratings VALUES (2, 2583 , user8);
INSERT INTO Ratings VALUES (2, 2584 , user8);
INSERT INTO Ratings VALUES (2, 2585 , user8);
INSERT INTO Ratings VALUES (2, 2586 , user8);
INSERT INTO Ratings VALUES (2, 2587 , user8);
INSERT INTO Ratings VALUES (2, 2588 , user8);
INSERT INTO Ratings VALUES (2, 2589 , user8);
INSERT INTO Ratings VALUES (2, 2590 , user8);
INSERT INTO Ratings VALUES (2, 2591 , user8);
INSERT INTO Ratings VALUES (2, 2592 , user8);
INSERT INTO Ratings VALUES (2, 2593 , user8);
INSERT INTO Ratings VALUES (2, 2594 , user8);
INSERT INTO Ratings VALUES (2, 2595 , user8);
INSERT INTO Ratings VALUES (2, 2596 , user8);
INSERT INTO Ratings VALUES (2, 2597 , user8);
INSERT INTO Ratings VALUES (2, 2598 , user8);
INSERT INTO Ratings VALUES (2, 2599 , user8);
INSERT INTO Ratings VALUES (2, 2600 , user8);
INSERT INTO Ratings VALUES (2, 2601 , user8);
INSERT INTO Ratings VALUES (2, 2602 , user8);
INSERT INTO Ratings VALUES (2, 2603 , user8);
INSERT INTO Ratings VALUES (2, 2604 , user8);
INSERT INTO Ratings VALUES (2, 2605 , user8);
INSERT INTO Ratings VALUES (2, 2606 , user8);
INSERT INTO Ratings VALUES (2, 2607 , user8);
INSERT INTO Ratings VALUES (2, 2608 , user8);
INSERT INTO Ratings VALUES (2, 2609 , user8);
INSERT INTO Ratings VALUES (2, 2610 , user8);
INSERT INTO Ratings VALUES (2, 2611 , user8);
INSERT INTO Ratings VALUES (2, 2612 , user8);
INSERT INTO Ratings VALUES (2, 2613 , user8);
INSERT INTO Ratings VALUES (2, 2614 , user8);
INSERT INTO Ratings VALUES (2, 2615 , user8);
INSERT INTO Ratings VALUES (2, 2616 , user8);
INSERT INTO Ratings VALUES (2, 2617 , user8);
INSERT INTO Ratings VALUES (2, 2618 , user8);
INSERT INTO Ratings VALUES (2, 2619 , user8);
INSERT INTO Ratings VALUES (2, 2620 , user8);
INSERT INTO Ratings VALUES (2, 2621 , user8);
INSERT INTO Ratings VALUES (2, 2622 , user8);
INSERT INTO Ratings VALUES (2, 2623 , user8);
INSERT INTO Ratings VALUES (2, 2624 , user8);
INSERT INTO Ratings VALUES (2, 2625 , user8);
INSERT INTO Ratings VALUES (2, 2626 , user8);
INSERT INTO Ratings VALUES (2, 2627 , user8);
INSERT INTO Ratings VALUES (2, 2628 , user8);
INSERT INTO Ratings VALUES (2, 2629 , user8);
INSERT INTO Ratings VALUES (2, 2630 , user8);
INSERT INTO Ratings VALUES (2, 2631 , user8);
INSERT INTO Ratings VALUES (2, 2632 , user8);
INSERT INTO Ratings VALUES (2, 2633 , user8);
INSERT INTO Ratings VALUES (2, 2634 , user8);
INSERT INTO Ratings VALUES (2, 2635 , user8);
INSERT INTO Ratings VALUES (2, 2636 , user8);
INSERT INTO Ratings VALUES (2, 2637 , user8);
INSERT INTO Ratings VALUES (2, 2638 , user8);
INSERT INTO Ratings VALUES (2, 2639 , user8);
INSERT INTO Ratings VALUES (2, 2640 , user8);
INSERT INTO Ratings VALUES (2, 2641 , user8);
INSERT INTO Ratings VALUES (2, 2642 , user8);
INSERT INTO Ratings VALUES (2, 2643 , user8);
INSERT INTO Ratings VALUES (2, 2644 , user8);
INSERT INTO Ratings VALUES (2, 2645 , user8);
INSERT INTO Ratings VALUES (2, 2646 , user8);
INSERT INTO Ratings VALUES (2, 2647 , user8);
INSERT INTO Ratings VALUES (2, 2648 , user8);
INSERT INTO Ratings VALUES (2, 2649 , user8);
INSERT INTO Ratings VALUES (2, 2650 , user8);
INSERT INTO Ratings VALUES (2, 2651 , user8);
INSERT INTO Ratings VALUES (2, 2652 , user8);
INSERT INTO Ratings VALUES (2, 2653 , user8);
INSERT INTO Ratings VALUES (2, 2654 , user8);
INSERT INTO Ratings VALUES (2, 2655 , user8);
INSERT INTO Ratings VALUES (2, 2656 , user8);
INSERT INTO Ratings VALUES (2, 2657 , user8);
INSERT INTO Ratings VALUES (2, 2658 , user8);
INSERT INTO Ratings VALUES (2, 2659 , user8);
INSERT INTO Ratings VALUES (2, 2660 , user8);
INSERT INTO Ratings VALUES (2, 2661 , user8);
INSERT INTO Ratings VALUES (2, 2662 , user8);
INSERT INTO Ratings VALUES (2, 2663 , user8);
INSERT INTO Ratings VALUES (2, 2664 , user8);
INSERT INTO Ratings VALUES (2, 2665 , user8);
INSERT INTO Ratings VALUES (2, 2666 , user8);
INSERT INTO Ratings VALUES (2, 2667 , user8);
INSERT INTO Ratings VALUES (2, 2668 , user8);
INSERT INTO Ratings VALUES (2, 2669 , user8);
INSERT INTO Ratings VALUES (2, 2670 , user8);
INSERT INTO Ratings VALUES (2, 2671 , user8);
INSERT INTO Ratings VALUES (2, 2672 , user8);
INSERT INTO Ratings VALUES (2, 2673 , user8);
INSERT INTO Ratings VALUES (2, 2674 , user8);
INSERT INTO Ratings VALUES (2, 2675 , user8);
INSERT INTO Ratings VALUES (2, 2676 , user8);
INSERT INTO Ratings VALUES (2, 2677 , user8);
INSERT INTO Ratings VALUES (2, 2678 , user8);
INSERT INTO Ratings VALUES (2, 2679 , user8);
INSERT INTO Ratings VALUES (2, 2680 , user8);
INSERT INTO Ratings VALUES (2, 2681 , user8);
INSERT INTO Ratings VALUES (2, 2682 , user8);
INSERT INTO Ratings VALUES (2, 2683 , user8);
INSERT INTO Ratings VALUES (2, 2684 , user8);
INSERT INTO Ratings VALUES (2, 2685 , user8);
INSERT INTO Ratings VALUES (2, 2686 , user8);
INSERT INTO Ratings VALUES (2, 2687 , user8);
INSERT INTO Ratings VALUES (2, 2688 , user8);
INSERT INTO Ratings VALUES (2, 2689 , user8);
INSERT INTO Ratings VALUES (2, 2690 , user8);
INSERT INTO Ratings VALUES (2, 2691 , user8);
INSERT INTO Ratings VALUES (2, 2692 , user8);
INSERT INTO Ratings VALUES (2, 2693 , user8);
INSERT INTO Ratings VALUES (2, 2694 , user8);
INSERT INTO Ratings VALUES (2, 2695 , user8);
INSERT INTO Ratings VALUES (2, 2696 , user8);
INSERT INTO Ratings VALUES (2, 2697 , user8);
INSERT INTO Ratings VALUES (2, 2698 , user8);
INSERT INTO Ratings VALUES (2, 2699 , user8);
INSERT INTO Ratings VALUES (2, 2700 , user8);
INSERT INTO Ratings VALUES (2, 2701 , user8);
INSERT INTO Ratings VALUES (2, 2702 , user8);
INSERT INTO Ratings VALUES (2, 2703 , user8);
INSERT INTO Ratings VALUES (2, 2704 , user8);
INSERT INTO Ratings VALUES (2, 2705 , user8);
INSERT INTO Ratings VALUES (2, 2706 , user8);
INSERT INTO Ratings VALUES (2, 2707 , user8);
INSERT INTO Ratings VALUES (2, 2708 , user8);
INSERT INTO Ratings VALUES (2, 2709 , user8);
INSERT INTO Ratings VALUES (2, 2710 , user8);
INSERT INTO Ratings VALUES (2, 2711 , user8);
INSERT INTO Ratings VALUES (2, 2712 , user8);
INSERT INTO Ratings VALUES (2, 2713 , user8);
INSERT INTO Ratings VALUES (2, 2714 , user8);
INSERT INTO Ratings VALUES (2, 2715 , user8);
INSERT INTO Ratings VALUES (2, 2716 , user8);
INSERT INTO Ratings VALUES (2, 2717 , user8);
INSERT INTO Ratings VALUES (2, 2718 , user8);
INSERT INTO Ratings VALUES (2, 2719 , user8);
INSERT INTO Ratings VALUES (2, 2720 , user8);
INSERT INTO Ratings VALUES (2, 2721 , user8);
INSERT INTO Ratings VALUES (2, 2722 , user8);
INSERT INTO Ratings VALUES (2, 2723 , user8);
INSERT INTO Ratings VALUES (2, 2724 , user8);
INSERT INTO Ratings VALUES (2, 2725 , user8);
INSERT INTO Ratings VALUES (2, 2726 , user8);
INSERT INTO Ratings VALUES (2, 2727 , user8);
INSERT INTO Ratings VALUES (2, 2728 , user8);
INSERT INTO Ratings VALUES (2, 2729 , user8);
INSERT INTO Ratings VALUES (2, 2730 , user8);
INSERT INTO Ratings VALUES (2, 2731 , user8);
INSERT INTO Ratings VALUES (2, 2732 , user8);
INSERT INTO Ratings VALUES (2, 2733 , user8);
INSERT INTO Ratings VALUES (2, 2734 , user8);
INSERT INTO Ratings VALUES (2, 2735 , user8);
INSERT INTO Ratings VALUES (2, 2736 , user8);
INSERT INTO Ratings VALUES (2, 2737 , user8);
INSERT INTO Ratings VALUES (2, 2738 , user8);
INSERT INTO Ratings VALUES (2, 2739 , user8);
INSERT INTO Ratings VALUES (2, 2740 , user8);
INSERT INTO Ratings VALUES (2, 2741 , user8);
INSERT INTO Ratings VALUES (2, 2742 , user8);
INSERT INTO Ratings VALUES (2, 2743 , user8);
INSERT INTO Ratings VALUES (2, 2744 , user8);
INSERT INTO Ratings VALUES (2, 2745 , user8);
INSERT INTO Ratings VALUES (2, 2746 , user8);
INSERT INTO Ratings VALUES (2, 2747 , user8);
INSERT INTO Ratings VALUES (2, 2748 , user8);
INSERT INTO Ratings VALUES (2, 2749 , user8);
INSERT INTO Ratings VALUES (2, 2750 , user8);
INSERT INTO Ratings VALUES (2, 2751 , user8);
INSERT INTO Ratings VALUES (2, 2752 , user8);
INSERT INTO Ratings VALUES (2, 2753 , user8);
INSERT INTO Ratings VALUES (2, 2754 , user8);
INSERT INTO Ratings VALUES (2, 2755 , user8);
INSERT INTO Ratings VALUES (2, 2756 , user8);
INSERT INTO Ratings VALUES (2, 2757 , user8);
INSERT INTO Ratings VALUES (2, 2758 , user8);
INSERT INTO Ratings VALUES (2, 2759 , user8);
INSERT INTO Ratings VALUES (2, 2760 , user8);
INSERT INTO Ratings VALUES (2, 2761 , user8);
INSERT INTO Ratings VALUES (2, 2762 , user8);
INSERT INTO Ratings VALUES (2, 2763 , user8);
INSERT INTO Ratings VALUES (2, 2764 , user8);
INSERT INTO Ratings VALUES (2, 2765 , user8);
INSERT INTO Ratings VALUES (2, 2766 , user8);
INSERT INTO Ratings VALUES (2, 2767 , user8);
INSERT INTO Ratings VALUES (2, 2768 , user8);
INSERT INTO Ratings VALUES (2, 2769 , user8);
INSERT INTO Ratings VALUES (2, 2770 , user8);
INSERT INTO Ratings VALUES (2, 2771 , user8);
INSERT INTO Ratings VALUES (2, 2772 , user8);
INSERT INTO Ratings VALUES (2, 2773 , user8);
INSERT INTO Ratings VALUES (2, 2774 , user8);
INSERT INTO Ratings VALUES (2, 2775 , user8);
INSERT INTO Ratings VALUES (2, 2776 , user8);
INSERT INTO Ratings VALUES (2, 2777 , user8);
INSERT INTO Ratings VALUES (2, 2778 , user8);
INSERT INTO Ratings VALUES (2, 2779 , user8);
INSERT INTO Ratings VALUES (2, 2780 , user8);
INSERT INTO Ratings VALUES (2, 2781 , user8);
INSERT INTO Ratings VALUES (2, 2782 , user8);
INSERT INTO Ratings VALUES (2, 2783 , user8);
INSERT INTO Ratings VALUES (2, 2784 , user8);
INSERT INTO Ratings VALUES (2, 2785 , user8);
INSERT INTO Ratings VALUES (2, 2786 , user8);
INSERT INTO Ratings VALUES (2, 2787 , user8);
INSERT INTO Ratings VALUES (2, 2788 , user8);
INSERT INTO Ratings VALUES (2, 2789 , user8);
INSERT INTO Ratings VALUES (2, 2790 , user8);
INSERT INTO Ratings VALUES (2, 2791 , user8);
INSERT INTO Ratings VALUES (2, 2792 , user8);
INSERT INTO Ratings VALUES (2, 2793 , user8);
INSERT INTO Ratings VALUES (2, 2794 , user8);
INSERT INTO Ratings VALUES (2, 2795 , user8);
INSERT INTO Ratings VALUES (2, 2796 , user8);
INSERT INTO Ratings VALUES (2, 2797 , user8);
INSERT INTO Ratings VALUES (2, 2798 , user8);
INSERT INTO Ratings VALUES (2, 2799 , user8);
INSERT INTO Ratings VALUES (2, 2800 , user8);
INSERT INTO Ratings VALUES (2, 2801 , user8);
INSERT INTO Ratings VALUES (2, 2802 , user8);
INSERT INTO Ratings VALUES (2, 2803 , user8);
INSERT INTO Ratings VALUES (2, 2804 , user8);
INSERT INTO Ratings VALUES (2, 2805 , user8);
INSERT INTO Ratings VALUES (2, 2806 , user8);
INSERT INTO Ratings VALUES (2, 2807 , user8);
INSERT INTO Ratings VALUES (2, 2808 , user8);
INSERT INTO Ratings VALUES (2, 2809 , user8);
INSERT INTO Ratings VALUES (2, 2810 , user8);
INSERT INTO Ratings VALUES (2, 2811 , user8);
INSERT INTO Ratings VALUES (2, 2812 , user8);
INSERT INTO Ratings VALUES (2, 2813 , user8);
INSERT INTO Ratings VALUES (2, 2814 , user8);
INSERT INTO Ratings VALUES (2, 2815 , user8);
INSERT INTO Ratings VALUES (2, 2816 , user8);
INSERT INTO Ratings VALUES (2, 2817 , user8);
INSERT INTO Ratings VALUES (2, 2818 , user8);
INSERT INTO Ratings VALUES (2, 2819 , user8);
INSERT INTO Ratings VALUES (2, 2820 , user8);
INSERT INTO Ratings VALUES (2, 2821 , user8);
INSERT INTO Ratings VALUES (2, 2822 , user8);
INSERT INTO Ratings VALUES (2, 2823 , user8);
INSERT INTO Ratings VALUES (2, 2824 , user8);
INSERT INTO Ratings VALUES (2, 2825 , user8);
INSERT INTO Ratings VALUES (2, 2826 , user8);
INSERT INTO Ratings VALUES (2, 2827 , user8);
INSERT INTO Ratings VALUES (2, 2828 , user8);
INSERT INTO Ratings VALUES (2, 2829 , user8);
INSERT INTO Ratings VALUES (2, 2830 , user8);
INSERT INTO Ratings VALUES (2, 2831 , user8);
INSERT INTO Ratings VALUES (2, 2832 , user8);
INSERT INTO Ratings VALUES (2, 2833 , user8);
INSERT INTO Ratings VALUES (2, 2834 , user8);
INSERT INTO Ratings VALUES (2, 2835 , user8);
INSERT INTO Ratings VALUES (2, 2836 , user8);
INSERT INTO Ratings VALUES (2, 2837 , user8);
INSERT INTO Ratings VALUES (2, 2838 , user8);
INSERT INTO Ratings VALUES (2, 2839 , user8);
INSERT INTO Ratings VALUES (2, 2840 , user8);
INSERT INTO Ratings VALUES (2, 2841 , user8);
INSERT INTO Ratings VALUES (2, 2842 , user8);
INSERT INTO Ratings VALUES (2, 2843 , user8);
INSERT INTO Ratings VALUES (2, 2844 , user8);
INSERT INTO Ratings VALUES (2, 2845 , user8);
INSERT INTO Ratings VALUES (2, 2846 , user8);
INSERT INTO Ratings VALUES (2, 2847 , user8);
INSERT INTO Ratings VALUES (2, 2848 , user8);
INSERT INTO Ratings VALUES (2, 2849 , user8);
INSERT INTO Ratings VALUES (2, 2850 , user8);
INSERT INTO Ratings VALUES (2, 2851 , user8);
INSERT INTO Ratings VALUES (2, 2852 , user8);
INSERT INTO Ratings VALUES (2, 2853 , user8);
INSERT INTO Ratings VALUES (2, 2854 , user8);
INSERT INTO Ratings VALUES (2, 2855 , user8);
INSERT INTO Ratings VALUES (2, 2856 , user8);
INSERT INTO Ratings VALUES (2, 2857 , user8);
INSERT INTO Ratings VALUES (2, 2858 , user8);
INSERT INTO Ratings VALUES (2, 2859 , user8);
INSERT INTO Ratings VALUES (2, 2860 , user8);
INSERT INTO Ratings VALUES (2, 2861 , user8);
INSERT INTO Ratings VALUES (2, 2862 , user8);
INSERT INTO Ratings VALUES (2, 2863 , user8);
INSERT INTO Ratings VALUES (2, 2864 , user8);
INSERT INTO Ratings VALUES (2, 2865 , user8);
INSERT INTO Ratings VALUES (2, 2866 , user8);
INSERT INTO Ratings VALUES (2, 2867 , user8);
INSERT INTO Ratings VALUES (2, 2868 , user8);
INSERT INTO Ratings VALUES (2, 2869 , user8);
INSERT INTO Ratings VALUES (2, 2870 , user8);
INSERT INTO Ratings VALUES (2, 2871 , user8);
INSERT INTO Ratings VALUES (2, 2872 , user8);
INSERT INTO Ratings VALUES (2, 2873 , user8);
INSERT INTO Ratings VALUES (2, 2874 , user8);
INSERT INTO Ratings VALUES (2, 2875 , user8);
INSERT INTO Ratings VALUES (2, 2876 , user8);
INSERT INTO Ratings VALUES (2, 2877 , user8);
INSERT INTO Ratings VALUES (2, 2878 , user8);
INSERT INTO Ratings VALUES (2, 2879 , user8);
INSERT INTO Ratings VALUES (2, 2880 , user8);
INSERT INTO Ratings VALUES (2, 2881 , user8);
INSERT INTO Ratings VALUES (2, 2882 , user8);
INSERT INTO Ratings VALUES (2, 2883 , user8);
INSERT INTO Ratings VALUES (2, 2884 , user8);
INSERT INTO Ratings VALUES (2, 2885 , user8);
INSERT INTO Ratings VALUES (2, 2886 , user8);
INSERT INTO Ratings VALUES (2, 2887 , user8);
INSERT INTO Ratings VALUES (2, 2888 , user8);
INSERT INTO Ratings VALUES (2, 2889 , user8);
INSERT INTO Ratings VALUES (2, 2890 , user8);
INSERT INTO Ratings VALUES (2, 2891 , user8);
INSERT INTO Ratings VALUES (2, 2892 , user8);
INSERT INTO Ratings VALUES (2, 2893 , user8);
INSERT INTO Ratings VALUES (2, 2894 , user8);
INSERT INTO Ratings VALUES (2, 2895 , user8);
INSERT INTO Ratings VALUES (2, 2896 , user8);
INSERT INTO Ratings VALUES (2, 2897 , user8);
INSERT INTO Ratings VALUES (2, 2898 , user8);
INSERT INTO Ratings VALUES (2, 2899 , user8);
INSERT INTO Ratings VALUES (2, 2900 , user8);
INSERT INTO Ratings VALUES (2, 2901 , user8);
INSERT INTO Ratings VALUES (2, 2902 , user8);
INSERT INTO Ratings VALUES (2, 2903 , user8);
INSERT INTO Ratings VALUES (2, 2904 , user8);
INSERT INTO Ratings VALUES (2, 2905 , user8);
INSERT INTO Ratings VALUES (2, 2906 , user8);
INSERT INTO Ratings VALUES (2, 2907 , user8);
INSERT INTO Ratings VALUES (2, 2908 , user8);
INSERT INTO Ratings VALUES (2, 2909 , user8);
INSERT INTO Ratings VALUES (2, 2910 , user8);
INSERT INTO Ratings VALUES (2, 2911 , user8);
INSERT INTO Ratings VALUES (2, 2912 , user8);
INSERT INTO Ratings VALUES (2, 2913 , user8);
INSERT INTO Ratings VALUES (2, 2914 , user8);
INSERT INTO Ratings VALUES (2, 2915 , user8);
INSERT INTO Ratings VALUES (2, 2916 , user8);
INSERT INTO Ratings VALUES (2, 2917 , user8);
INSERT INTO Ratings VALUES (2, 2918 , user8);
INSERT INTO Ratings VALUES (2, 2919 , user8);
INSERT INTO Ratings VALUES (2, 2920 , user8);
INSERT INTO Ratings VALUES (2, 2921 , user8);
INSERT INTO Ratings VALUES (2, 2922 , user8);
INSERT INTO Ratings VALUES (2, 2923 , user8);
INSERT INTO Ratings VALUES (2, 2924 , user8);
INSERT INTO Ratings VALUES (2, 2925 , user8);
INSERT INTO Ratings VALUES (2, 2926 , user8);
INSERT INTO Ratings VALUES (2, 2927 , user8);
INSERT INTO Ratings VALUES (2, 2928 , user8);
INSERT INTO Ratings VALUES (2, 2929 , user8);
INSERT INTO Ratings VALUES (2, 2930 , user8);
INSERT INTO Ratings VALUES (2, 2931 , user8);
INSERT INTO Ratings VALUES (2, 2932 , user8);
INSERT INTO Ratings VALUES (2, 2933 , user8);
INSERT INTO Ratings VALUES (2, 2934 , user8);
INSERT INTO Ratings VALUES (2, 2935 , user8);
INSERT INTO Ratings VALUES (2, 2936 , user8);
INSERT INTO Ratings VALUES (2, 2937 , user8);
INSERT INTO Ratings VALUES (2, 2938 , user8);
INSERT INTO Ratings VALUES (2, 2939 , user8);
INSERT INTO Ratings VALUES (2, 2940 , user8);
INSERT INTO Ratings VALUES (2, 2941 , user8);
INSERT INTO Ratings VALUES (2, 2942 , user8);
INSERT INTO Ratings VALUES (2, 2943 , user8);
INSERT INTO Ratings VALUES (2, 2944 , user8);
INSERT INTO Ratings VALUES (2, 2945 , user8);
INSERT INTO Ratings VALUES (2, 2946 , user8);
INSERT INTO Ratings VALUES (2, 2947 , user8);
INSERT INTO Ratings VALUES (2, 2948 , user8);
INSERT INTO Ratings VALUES (2, 2949 , user8);
INSERT INTO Ratings VALUES (2, 2950 , user8);
INSERT INTO Ratings VALUES (2, 2951 , user8);
INSERT INTO Ratings VALUES (2, 2952 , user8);
INSERT INTO Ratings VALUES (2, 2953 , user8);
INSERT INTO Ratings VALUES (2, 2954 , user8);
INSERT INTO Ratings VALUES (2, 2955 , user8);
INSERT INTO Ratings VALUES (2, 2956 , user8);
INSERT INTO Ratings VALUES (2, 2957 , user8);
INSERT INTO Ratings VALUES (2, 2958 , user8);
INSERT INTO Ratings VALUES (2, 2959 , user8);
INSERT INTO Ratings VALUES (2, 2960 , user8);
INSERT INTO Ratings VALUES (2, 2961 , user8);
INSERT INTO Ratings VALUES (2, 2962 , user8);
INSERT INTO Ratings VALUES (2, 2963 , user8);
INSERT INTO Ratings VALUES (2, 2964 , user8);
INSERT INTO Ratings VALUES (2, 2965 , user8);
INSERT INTO Ratings VALUES (2, 2966 , user8);
INSERT INTO Ratings VALUES (2, 2967 , user8);
INSERT INTO Ratings VALUES (2, 2968 , user8);
INSERT INTO Ratings VALUES (2, 2969 , user8);
INSERT INTO Ratings VALUES (2, 2970 , user8);
INSERT INTO Ratings VALUES (2, 2971 , user8);
INSERT INTO Ratings VALUES (2, 2972 , user8);
INSERT INTO Ratings VALUES (2, 2973 , user8);
INSERT INTO Ratings VALUES (2, 2974 , user8);
INSERT INTO Ratings VALUES (2, 2975 , user8);
INSERT INTO Ratings VALUES (2, 2976 , user8);
INSERT INTO Ratings VALUES (2, 2977 , user8);
INSERT INTO Ratings VALUES (2, 2978 , user8);
INSERT INTO Ratings VALUES (2, 2979 , user8);
INSERT INTO Ratings VALUES (2, 2980 , user8);
INSERT INTO Ratings VALUES (2, 2981 , user8);
INSERT INTO Ratings VALUES (2, 2982 , user8);
INSERT INTO Ratings VALUES (2, 2983 , user8);
INSERT INTO Ratings VALUES (2, 2984 , user8);
INSERT INTO Ratings VALUES (2, 2985 , user8);
INSERT INTO Ratings VALUES (2, 2986 , user8);
INSERT INTO Ratings VALUES (2, 2987 , user8);
INSERT INTO Ratings VALUES (2, 2988 , user8);
INSERT INTO Ratings VALUES (2, 2989 , user8);
INSERT INTO Ratings VALUES (2, 2990 , user8);
INSERT INTO Ratings VALUES (2, 2991 , user8);
INSERT INTO Ratings VALUES (2, 2992 , user8);
INSERT INTO Ratings VALUES (2, 2993 , user8);
INSERT INTO Ratings VALUES (2, 2994 , user8);
INSERT INTO Ratings VALUES (2, 2995 , user8);
INSERT INTO Ratings VALUES (2, 2996 , user8);
INSERT INTO Ratings VALUES (2, 2997 , user8);
INSERT INTO Ratings VALUES (2, 2998 , user8);
INSERT INTO Ratings VALUES (2, 2999 , user8);

-- User 9
INSERT INTO Users VALUES (user9, user9password);
--User9 Ratings
INSERT INTO Ratings VALUES (4, 3000 , user9);
INSERT INTO Ratings VALUES (4, 3001 , user9);
INSERT INTO Ratings VALUES (4, 3002 , user9);
INSERT INTO Ratings VALUES (4, 3003 , user9);
INSERT INTO Ratings VALUES (4, 3004 , user9);
INSERT INTO Ratings VALUES (4, 3005 , user9);
INSERT INTO Ratings VALUES (4, 3006 , user9);
INSERT INTO Ratings VALUES (4, 3007 , user9);
INSERT INTO Ratings VALUES (4, 3008 , user9);
INSERT INTO Ratings VALUES (4, 3009 , user9);
INSERT INTO Ratings VALUES (4, 3010 , user9);
INSERT INTO Ratings VALUES (4, 3011 , user9);
INSERT INTO Ratings VALUES (4, 3012 , user9);
INSERT INTO Ratings VALUES (4, 3013 , user9);
INSERT INTO Ratings VALUES (4, 3014 , user9);
INSERT INTO Ratings VALUES (4, 3015 , user9);
INSERT INTO Ratings VALUES (4, 3016 , user9);
INSERT INTO Ratings VALUES (4, 3017 , user9);
INSERT INTO Ratings VALUES (4, 3018 , user9);
INSERT INTO Ratings VALUES (4, 3019 , user9);
INSERT INTO Ratings VALUES (4, 3020 , user9);
INSERT INTO Ratings VALUES (4, 3021 , user9);
INSERT INTO Ratings VALUES (4, 3022 , user9);
INSERT INTO Ratings VALUES (4, 3023 , user9);
INSERT INTO Ratings VALUES (4, 3024 , user9);
INSERT INTO Ratings VALUES (4, 3025 , user9);
INSERT INTO Ratings VALUES (4, 3026 , user9);
INSERT INTO Ratings VALUES (4, 3027 , user9);
INSERT INTO Ratings VALUES (4, 3028 , user9);
INSERT INTO Ratings VALUES (4, 3029 , user9);
INSERT INTO Ratings VALUES (4, 3030 , user9);
INSERT INTO Ratings VALUES (4, 3031 , user9);
INSERT INTO Ratings VALUES (4, 3032 , user9);
INSERT INTO Ratings VALUES (4, 3033 , user9);
INSERT INTO Ratings VALUES (4, 3034 , user9);
INSERT INTO Ratings VALUES (4, 3035 , user9);
INSERT INTO Ratings VALUES (4, 3036 , user9);
INSERT INTO Ratings VALUES (4, 3037 , user9);
INSERT INTO Ratings VALUES (4, 3038 , user9);
INSERT INTO Ratings VALUES (4, 3039 , user9);
INSERT INTO Ratings VALUES (4, 3040 , user9);
INSERT INTO Ratings VALUES (4, 3041 , user9);
INSERT INTO Ratings VALUES (4, 3042 , user9);
INSERT INTO Ratings VALUES (4, 3043 , user9);
INSERT INTO Ratings VALUES (4, 3044 , user9);
INSERT INTO Ratings VALUES (4, 3045 , user9);
INSERT INTO Ratings VALUES (4, 3046 , user9);
INSERT INTO Ratings VALUES (4, 3047 , user9);
INSERT INTO Ratings VALUES (4, 3048 , user9);
INSERT INTO Ratings VALUES (4, 3049 , user9);
INSERT INTO Ratings VALUES (4, 3050 , user9);
INSERT INTO Ratings VALUES (4, 3051 , user9);
INSERT INTO Ratings VALUES (4, 3052 , user9);
INSERT INTO Ratings VALUES (4, 3053 , user9);
INSERT INTO Ratings VALUES (4, 3054 , user9);
INSERT INTO Ratings VALUES (4, 3055 , user9);
INSERT INTO Ratings VALUES (4, 3056 , user9);
INSERT INTO Ratings VALUES (4, 3057 , user9);
INSERT INTO Ratings VALUES (4, 3058 , user9);
INSERT INTO Ratings VALUES (4, 3059 , user9);
INSERT INTO Ratings VALUES (4, 3060 , user9);
INSERT INTO Ratings VALUES (4, 3061 , user9);
INSERT INTO Ratings VALUES (4, 3062 , user9);
INSERT INTO Ratings VALUES (4, 3063 , user9);
INSERT INTO Ratings VALUES (4, 3064 , user9);
INSERT INTO Ratings VALUES (4, 3065 , user9);
INSERT INTO Ratings VALUES (4, 3066 , user9);
INSERT INTO Ratings VALUES (4, 3067 , user9);
INSERT INTO Ratings VALUES (4, 3068 , user9);
INSERT INTO Ratings VALUES (4, 3069 , user9);
INSERT INTO Ratings VALUES (4, 3070 , user9);
INSERT INTO Ratings VALUES (4, 3071 , user9);
INSERT INTO Ratings VALUES (4, 3072 , user9);
INSERT INTO Ratings VALUES (4, 3073 , user9);
INSERT INTO Ratings VALUES (4, 3074 , user9);
INSERT INTO Ratings VALUES (4, 3075 , user9);
INSERT INTO Ratings VALUES (4, 3076 , user9);
INSERT INTO Ratings VALUES (4, 3077 , user9);
INSERT INTO Ratings VALUES (4, 3078 , user9);
INSERT INTO Ratings VALUES (4, 3079 , user9);
INSERT INTO Ratings VALUES (4, 3080 , user9);
INSERT INTO Ratings VALUES (4, 3081 , user9);
INSERT INTO Ratings VALUES (4, 3082 , user9);
INSERT INTO Ratings VALUES (4, 3083 , user9);
INSERT INTO Ratings VALUES (4, 3084 , user9);
INSERT INTO Ratings VALUES (4, 3085 , user9);
INSERT INTO Ratings VALUES (4, 3086 , user9);
INSERT INTO Ratings VALUES (4, 3087 , user9);
INSERT INTO Ratings VALUES (4, 3088 , user9);
INSERT INTO Ratings VALUES (4, 3089 , user9);
INSERT INTO Ratings VALUES (4, 3090 , user9);
INSERT INTO Ratings VALUES (4, 3091 , user9);
INSERT INTO Ratings VALUES (4, 3092 , user9);
INSERT INTO Ratings VALUES (4, 3093 , user9);
INSERT INTO Ratings VALUES (4, 3094 , user9);
INSERT INTO Ratings VALUES (4, 3095 , user9);
INSERT INTO Ratings VALUES (4, 3096 , user9);
INSERT INTO Ratings VALUES (4, 3097 , user9);
INSERT INTO Ratings VALUES (4, 3098 , user9);
INSERT INTO Ratings VALUES (4, 3099 , user9);
INSERT INTO Ratings VALUES (4, 3100 , user9);
INSERT INTO Ratings VALUES (4, 3101 , user9);
INSERT INTO Ratings VALUES (4, 3102 , user9);
INSERT INTO Ratings VALUES (4, 3103 , user9);
INSERT INTO Ratings VALUES (4, 3104 , user9);
INSERT INTO Ratings VALUES (4, 3105 , user9);
INSERT INTO Ratings VALUES (4, 3106 , user9);
INSERT INTO Ratings VALUES (4, 3107 , user9);
INSERT INTO Ratings VALUES (4, 3108 , user9);
INSERT INTO Ratings VALUES (4, 3109 , user9);
INSERT INTO Ratings VALUES (4, 3110 , user9);
INSERT INTO Ratings VALUES (4, 3111 , user9);
INSERT INTO Ratings VALUES (4, 3112 , user9);
INSERT INTO Ratings VALUES (4, 3113 , user9);
INSERT INTO Ratings VALUES (4, 3114 , user9);
INSERT INTO Ratings VALUES (4, 3115 , user9);
INSERT INTO Ratings VALUES (4, 3116 , user9);
INSERT INTO Ratings VALUES (4, 3117 , user9);
INSERT INTO Ratings VALUES (4, 3118 , user9);
INSERT INTO Ratings VALUES (4, 3119 , user9);
INSERT INTO Ratings VALUES (4, 3120 , user9);
INSERT INTO Ratings VALUES (4, 3121 , user9);
INSERT INTO Ratings VALUES (4, 3122 , user9);
INSERT INTO Ratings VALUES (4, 3123 , user9);
INSERT INTO Ratings VALUES (4, 3124 , user9);
INSERT INTO Ratings VALUES (4, 3125 , user9);
INSERT INTO Ratings VALUES (4, 3126 , user9);
INSERT INTO Ratings VALUES (4, 3127 , user9);
INSERT INTO Ratings VALUES (4, 3128 , user9);
INSERT INTO Ratings VALUES (4, 3129 , user9);
INSERT INTO Ratings VALUES (4, 3130 , user9);
INSERT INTO Ratings VALUES (4, 3131 , user9);
INSERT INTO Ratings VALUES (4, 3132 , user9);
INSERT INTO Ratings VALUES (4, 3133 , user9);
INSERT INTO Ratings VALUES (4, 3134 , user9);
INSERT INTO Ratings VALUES (4, 3135 , user9);
INSERT INTO Ratings VALUES (4, 3136 , user9);
INSERT INTO Ratings VALUES (4, 3137 , user9);
INSERT INTO Ratings VALUES (4, 3138 , user9);
INSERT INTO Ratings VALUES (4, 3139 , user9);
INSERT INTO Ratings VALUES (4, 3140 , user9);
INSERT INTO Ratings VALUES (4, 3141 , user9);
INSERT INTO Ratings VALUES (4, 3142 , user9);
INSERT INTO Ratings VALUES (4, 3143 , user9);
INSERT INTO Ratings VALUES (4, 3144 , user9);
INSERT INTO Ratings VALUES (4, 3145 , user9);
INSERT INTO Ratings VALUES (4, 3146 , user9);
INSERT INTO Ratings VALUES (4, 3147 , user9);
INSERT INTO Ratings VALUES (4, 3148 , user9);
INSERT INTO Ratings VALUES (4, 3149 , user9);
INSERT INTO Ratings VALUES (4, 3150 , user9);
INSERT INTO Ratings VALUES (4, 3151 , user9);
INSERT INTO Ratings VALUES (4, 3152 , user9);
INSERT INTO Ratings VALUES (4, 3153 , user9);
INSERT INTO Ratings VALUES (4, 3154 , user9);
INSERT INTO Ratings VALUES (4, 3155 , user9);
INSERT INTO Ratings VALUES (4, 3156 , user9);
INSERT INTO Ratings VALUES (4, 3157 , user9);
INSERT INTO Ratings VALUES (4, 3158 , user9);
INSERT INTO Ratings VALUES (4, 3159 , user9);
INSERT INTO Ratings VALUES (4, 3160 , user9);
INSERT INTO Ratings VALUES (4, 3161 , user9);
INSERT INTO Ratings VALUES (4, 3162 , user9);
INSERT INTO Ratings VALUES (4, 3163 , user9);
INSERT INTO Ratings VALUES (4, 3164 , user9);
INSERT INTO Ratings VALUES (4, 3165 , user9);
INSERT INTO Ratings VALUES (4, 3166 , user9);
INSERT INTO Ratings VALUES (4, 3167 , user9);
INSERT INTO Ratings VALUES (4, 3168 , user9);
INSERT INTO Ratings VALUES (4, 3169 , user9);
INSERT INTO Ratings VALUES (4, 3170 , user9);
INSERT INTO Ratings VALUES (4, 3171 , user9);
INSERT INTO Ratings VALUES (4, 3172 , user9);
INSERT INTO Ratings VALUES (4, 3173 , user9);
INSERT INTO Ratings VALUES (4, 3174 , user9);
INSERT INTO Ratings VALUES (4, 3175 , user9);
INSERT INTO Ratings VALUES (4, 3176 , user9);
INSERT INTO Ratings VALUES (4, 3177 , user9);
INSERT INTO Ratings VALUES (4, 3178 , user9);
INSERT INTO Ratings VALUES (4, 3179 , user9);
INSERT INTO Ratings VALUES (4, 3180 , user9);
INSERT INTO Ratings VALUES (4, 3181 , user9);
INSERT INTO Ratings VALUES (4, 3182 , user9);
INSERT INTO Ratings VALUES (4, 3183 , user9);
INSERT INTO Ratings VALUES (4, 3184 , user9);
INSERT INTO Ratings VALUES (4, 3185 , user9);
INSERT INTO Ratings VALUES (4, 3186 , user9);
INSERT INTO Ratings VALUES (4, 3187 , user9);
INSERT INTO Ratings VALUES (4, 3188 , user9);
INSERT INTO Ratings VALUES (4, 3189 , user9);
INSERT INTO Ratings VALUES (4, 3190 , user9);
INSERT INTO Ratings VALUES (4, 3191 , user9);
INSERT INTO Ratings VALUES (4, 3192 , user9);
INSERT INTO Ratings VALUES (4, 3193 , user9);
INSERT INTO Ratings VALUES (4, 3194 , user9);
INSERT INTO Ratings VALUES (4, 3195 , user9);
INSERT INTO Ratings VALUES (4, 3196 , user9);
INSERT INTO Ratings VALUES (4, 3197 , user9);
INSERT INTO Ratings VALUES (4, 3198 , user9);
INSERT INTO Ratings VALUES (4, 3199 , user9);
INSERT INTO Ratings VALUES (4, 3200 , user9);
INSERT INTO Ratings VALUES (4, 3201 , user9);
INSERT INTO Ratings VALUES (4, 3202 , user9);
INSERT INTO Ratings VALUES (4, 3203 , user9);
INSERT INTO Ratings VALUES (4, 3204 , user9);
INSERT INTO Ratings VALUES (4, 3205 , user9);
INSERT INTO Ratings VALUES (4, 3206 , user9);
INSERT INTO Ratings VALUES (4, 3207 , user9);
INSERT INTO Ratings VALUES (4, 3208 , user9);
INSERT INTO Ratings VALUES (4, 3209 , user9);
INSERT INTO Ratings VALUES (4, 3210 , user9);
INSERT INTO Ratings VALUES (4, 3211 , user9);
INSERT INTO Ratings VALUES (4, 3212 , user9);
INSERT INTO Ratings VALUES (4, 3213 , user9);
INSERT INTO Ratings VALUES (4, 3214 , user9);
INSERT INTO Ratings VALUES (4, 3215 , user9);
INSERT INTO Ratings VALUES (4, 3216 , user9);
INSERT INTO Ratings VALUES (4, 3217 , user9);
INSERT INTO Ratings VALUES (4, 3218 , user9);
INSERT INTO Ratings VALUES (4, 3219 , user9);
INSERT INTO Ratings VALUES (4, 3220 , user9);
INSERT INTO Ratings VALUES (4, 3221 , user9);
INSERT INTO Ratings VALUES (4, 3222 , user9);
INSERT INTO Ratings VALUES (4, 3223 , user9);
INSERT INTO Ratings VALUES (4, 3224 , user9);
INSERT INTO Ratings VALUES (4, 3225 , user9);
INSERT INTO Ratings VALUES (4, 3226 , user9);
INSERT INTO Ratings VALUES (4, 3227 , user9);
INSERT INTO Ratings VALUES (4, 3228 , user9);
INSERT INTO Ratings VALUES (4, 3229 , user9);
INSERT INTO Ratings VALUES (4, 3230 , user9);
INSERT INTO Ratings VALUES (4, 3231 , user9);
INSERT INTO Ratings VALUES (4, 3232 , user9);
INSERT INTO Ratings VALUES (4, 3233 , user9);
INSERT INTO Ratings VALUES (4, 3234 , user9);
INSERT INTO Ratings VALUES (4, 3235 , user9);
INSERT INTO Ratings VALUES (4, 3236 , user9);
INSERT INTO Ratings VALUES (4, 3237 , user9);
INSERT INTO Ratings VALUES (4, 3238 , user9);
INSERT INTO Ratings VALUES (4, 3239 , user9);
INSERT INTO Ratings VALUES (4, 3240 , user9);
INSERT INTO Ratings VALUES (4, 3241 , user9);
INSERT INTO Ratings VALUES (4, 3242 , user9);
INSERT INTO Ratings VALUES (4, 3243 , user9);
INSERT INTO Ratings VALUES (4, 3244 , user9);
INSERT INTO Ratings VALUES (4, 3245 , user9);
INSERT INTO Ratings VALUES (4, 3246 , user9);
INSERT INTO Ratings VALUES (4, 3247 , user9);
INSERT INTO Ratings VALUES (4, 3248 , user9);
INSERT INTO Ratings VALUES (4, 3249 , user9);
INSERT INTO Ratings VALUES (4, 3250 , user9);
INSERT INTO Ratings VALUES (4, 3251 , user9);
INSERT INTO Ratings VALUES (4, 3252 , user9);
INSERT INTO Ratings VALUES (4, 3253 , user9);
INSERT INTO Ratings VALUES (4, 3254 , user9);
INSERT INTO Ratings VALUES (4, 3255 , user9);
INSERT INTO Ratings VALUES (4, 3256 , user9);
INSERT INTO Ratings VALUES (4, 3257 , user9);
INSERT INTO Ratings VALUES (4, 3258 , user9);
INSERT INTO Ratings VALUES (4, 3259 , user9);
INSERT INTO Ratings VALUES (4, 3260 , user9);
INSERT INTO Ratings VALUES (4, 3261 , user9);
INSERT INTO Ratings VALUES (4, 3262 , user9);
INSERT INTO Ratings VALUES (4, 3263 , user9);
INSERT INTO Ratings VALUES (4, 3264 , user9);
INSERT INTO Ratings VALUES (4, 3265 , user9);
INSERT INTO Ratings VALUES (4, 3266 , user9);
INSERT INTO Ratings VALUES (4, 3267 , user9);
INSERT INTO Ratings VALUES (4, 3268 , user9);
INSERT INTO Ratings VALUES (4, 3269 , user9);
INSERT INTO Ratings VALUES (4, 3270 , user9);
INSERT INTO Ratings VALUES (4, 3271 , user9);
INSERT INTO Ratings VALUES (4, 3272 , user9);
INSERT INTO Ratings VALUES (4, 3273 , user9);
INSERT INTO Ratings VALUES (4, 3274 , user9);
INSERT INTO Ratings VALUES (4, 3275 , user9);
INSERT INTO Ratings VALUES (4, 3276 , user9);
INSERT INTO Ratings VALUES (4, 3277 , user9);
INSERT INTO Ratings VALUES (4, 3278 , user9);
INSERT INTO Ratings VALUES (4, 3279 , user9);
INSERT INTO Ratings VALUES (4, 3280 , user9);
INSERT INTO Ratings VALUES (4, 3281 , user9);
INSERT INTO Ratings VALUES (4, 3282 , user9);
INSERT INTO Ratings VALUES (4, 3283 , user9);
INSERT INTO Ratings VALUES (4, 3284 , user9);
INSERT INTO Ratings VALUES (4, 3285 , user9);
INSERT INTO Ratings VALUES (4, 3286 , user9);
INSERT INTO Ratings VALUES (4, 3287 , user9);
INSERT INTO Ratings VALUES (4, 3288 , user9);
INSERT INTO Ratings VALUES (4, 3289 , user9);
INSERT INTO Ratings VALUES (4, 3290 , user9);
INSERT INTO Ratings VALUES (4, 3291 , user9);
INSERT INTO Ratings VALUES (4, 3292 , user9);
INSERT INTO Ratings VALUES (4, 3293 , user9);
INSERT INTO Ratings VALUES (4, 3294 , user9);
INSERT INTO Ratings VALUES (4, 3295 , user9);
INSERT INTO Ratings VALUES (4, 3296 , user9);
INSERT INTO Ratings VALUES (4, 3297 , user9);
INSERT INTO Ratings VALUES (4, 3298 , user9);
INSERT INTO Ratings VALUES (4, 3299 , user9);
INSERT INTO Ratings VALUES (4, 3300 , user9);
INSERT INTO Ratings VALUES (4, 3301 , user9);
INSERT INTO Ratings VALUES (4, 3302 , user9);
INSERT INTO Ratings VALUES (4, 3303 , user9);
INSERT INTO Ratings VALUES (4, 3304 , user9);
INSERT INTO Ratings VALUES (4, 3305 , user9);
INSERT INTO Ratings VALUES (4, 3306 , user9);
INSERT INTO Ratings VALUES (4, 3307 , user9);
INSERT INTO Ratings VALUES (4, 3308 , user9);
INSERT INTO Ratings VALUES (4, 3309 , user9);
INSERT INTO Ratings VALUES (4, 3310 , user9);
INSERT INTO Ratings VALUES (4, 3311 , user9);
INSERT INTO Ratings VALUES (4, 3312 , user9);
INSERT INTO Ratings VALUES (4, 3313 , user9);
INSERT INTO Ratings VALUES (4, 3314 , user9);
INSERT INTO Ratings VALUES (4, 3315 , user9);
INSERT INTO Ratings VALUES (4, 3316 , user9);
INSERT INTO Ratings VALUES (4, 3317 , user9);
INSERT INTO Ratings VALUES (4, 3318 , user9);
INSERT INTO Ratings VALUES (4, 3319 , user9);
INSERT INTO Ratings VALUES (4, 3320 , user9);
INSERT INTO Ratings VALUES (4, 3321 , user9);
INSERT INTO Ratings VALUES (4, 3322 , user9);
INSERT INTO Ratings VALUES (4, 3323 , user9);
INSERT INTO Ratings VALUES (4, 3324 , user9);
INSERT INTO Ratings VALUES (4, 3325 , user9);
INSERT INTO Ratings VALUES (4, 3326 , user9);
INSERT INTO Ratings VALUES (4, 3327 , user9);
INSERT INTO Ratings VALUES (4, 3328 , user9);
INSERT INTO Ratings VALUES (4, 3329 , user9);
INSERT INTO Ratings VALUES (4, 3330 , user9);
INSERT INTO Ratings VALUES (4, 3331 , user9);
INSERT INTO Ratings VALUES (4, 3332 , user9);
INSERT INTO Ratings VALUES (4, 3333 , user9);
INSERT INTO Ratings VALUES (4, 3334 , user9);
INSERT INTO Ratings VALUES (4, 3335 , user9);
INSERT INTO Ratings VALUES (4, 3336 , user9);
INSERT INTO Ratings VALUES (4, 3337 , user9);
INSERT INTO Ratings VALUES (4, 3338 , user9);
INSERT INTO Ratings VALUES (4, 3339 , user9);
INSERT INTO Ratings VALUES (4, 3340 , user9);
INSERT INTO Ratings VALUES (4, 3341 , user9);
INSERT INTO Ratings VALUES (4, 3342 , user9);
INSERT INTO Ratings VALUES (4, 3343 , user9);
INSERT INTO Ratings VALUES (4, 3344 , user9);
INSERT INTO Ratings VALUES (4, 3345 , user9);
INSERT INTO Ratings VALUES (4, 3346 , user9);
INSERT INTO Ratings VALUES (4, 3347 , user9);
INSERT INTO Ratings VALUES (4, 3348 , user9);
INSERT INTO Ratings VALUES (4, 3349 , user9);
INSERT INTO Ratings VALUES (4, 3350 , user9);
INSERT INTO Ratings VALUES (4, 3351 , user9);
INSERT INTO Ratings VALUES (4, 3352 , user9);
INSERT INTO Ratings VALUES (4, 3353 , user9);
INSERT INTO Ratings VALUES (4, 3354 , user9);
INSERT INTO Ratings VALUES (4, 3355 , user9);
INSERT INTO Ratings VALUES (4, 3356 , user9);
INSERT INTO Ratings VALUES (4, 3357 , user9);
INSERT INTO Ratings VALUES (4, 3358 , user9);
INSERT INTO Ratings VALUES (4, 3359 , user9);
INSERT INTO Ratings VALUES (4, 3360 , user9);
INSERT INTO Ratings VALUES (4, 3361 , user9);
INSERT INTO Ratings VALUES (4, 3362 , user9);
INSERT INTO Ratings VALUES (4, 3363 , user9);
INSERT INTO Ratings VALUES (4, 3364 , user9);
INSERT INTO Ratings VALUES (4, 3365 , user9);
INSERT INTO Ratings VALUES (4, 3366 , user9);
INSERT INTO Ratings VALUES (4, 3367 , user9);
INSERT INTO Ratings VALUES (4, 3368 , user9);
INSERT INTO Ratings VALUES (4, 3369 , user9);
INSERT INTO Ratings VALUES (4, 3370 , user9);
INSERT INTO Ratings VALUES (4, 3371 , user9);
INSERT INTO Ratings VALUES (4, 3372 , user9);
INSERT INTO Ratings VALUES (4, 3373 , user9);
INSERT INTO Ratings VALUES (4, 3374 , user9);
INSERT INTO Ratings VALUES (4, 3375 , user9);
INSERT INTO Ratings VALUES (4, 3376 , user9);
INSERT INTO Ratings VALUES (4, 3377 , user9);
INSERT INTO Ratings VALUES (4, 3378 , user9);
INSERT INTO Ratings VALUES (4, 3379 , user9);
INSERT INTO Ratings VALUES (4, 3380 , user9);
INSERT INTO Ratings VALUES (4, 3381 , user9);
INSERT INTO Ratings VALUES (4, 3382 , user9);
INSERT INTO Ratings VALUES (4, 3383 , user9);
INSERT INTO Ratings VALUES (4, 3384 , user9);
INSERT INTO Ratings VALUES (4, 3385 , user9);
INSERT INTO Ratings VALUES (4, 3386 , user9);
INSERT INTO Ratings VALUES (4, 3387 , user9);
INSERT INTO Ratings VALUES (4, 3388 , user9);
INSERT INTO Ratings VALUES (4, 3389 , user9);
INSERT INTO Ratings VALUES (4, 3390 , user9);
INSERT INTO Ratings VALUES (4, 3391 , user9);
INSERT INTO Ratings VALUES (4, 3392 , user9);
INSERT INTO Ratings VALUES (4, 3393 , user9);
INSERT INTO Ratings VALUES (4, 3394 , user9);
INSERT INTO Ratings VALUES (4, 3395 , user9);
INSERT INTO Ratings VALUES (4, 3396 , user9);
INSERT INTO Ratings VALUES (4, 3397 , user9);
INSERT INTO Ratings VALUES (4, 3398 , user9);
INSERT INTO Ratings VALUES (4, 3399 , user9);
INSERT INTO Ratings VALUES (4, 3400 , user9);
INSERT INTO Ratings VALUES (4, 3401 , user9);
INSERT INTO Ratings VALUES (4, 3402 , user9);
INSERT INTO Ratings VALUES (4, 3403 , user9);
INSERT INTO Ratings VALUES (4, 3404 , user9);
INSERT INTO Ratings VALUES (4, 3405 , user9);
INSERT INTO Ratings VALUES (4, 3406 , user9);
INSERT INTO Ratings VALUES (4, 3407 , user9);
INSERT INTO Ratings VALUES (4, 3408 , user9);
INSERT INTO Ratings VALUES (4, 3409 , user9);
INSERT INTO Ratings VALUES (4, 3410 , user9);
INSERT INTO Ratings VALUES (4, 3411 , user9);
INSERT INTO Ratings VALUES (4, 3412 , user9);
INSERT INTO Ratings VALUES (4, 3413 , user9);
INSERT INTO Ratings VALUES (4, 3414 , user9);
INSERT INTO Ratings VALUES (4, 3415 , user9);
INSERT INTO Ratings VALUES (4, 3416 , user9);
INSERT INTO Ratings VALUES (4, 3417 , user9);
INSERT INTO Ratings VALUES (4, 3418 , user9);
INSERT INTO Ratings VALUES (4, 3419 , user9);
INSERT INTO Ratings VALUES (4, 3420 , user9);
INSERT INTO Ratings VALUES (4, 3421 , user9);
INSERT INTO Ratings VALUES (4, 3422 , user9);
INSERT INTO Ratings VALUES (4, 3423 , user9);
INSERT INTO Ratings VALUES (4, 3424 , user9);
INSERT INTO Ratings VALUES (4, 3425 , user9);
INSERT INTO Ratings VALUES (4, 3426 , user9);
INSERT INTO Ratings VALUES (4, 3427 , user9);
INSERT INTO Ratings VALUES (4, 3428 , user9);
INSERT INTO Ratings VALUES (4, 3429 , user9);
INSERT INTO Ratings VALUES (4, 3430 , user9);
INSERT INTO Ratings VALUES (4, 3431 , user9);
INSERT INTO Ratings VALUES (4, 3432 , user9);
INSERT INTO Ratings VALUES (4, 3433 , user9);
INSERT INTO Ratings VALUES (4, 3434 , user9);
INSERT INTO Ratings VALUES (4, 3435 , user9);
INSERT INTO Ratings VALUES (4, 3436 , user9);
INSERT INTO Ratings VALUES (4, 3437 , user9);
INSERT INTO Ratings VALUES (4, 3438 , user9);
INSERT INTO Ratings VALUES (4, 3439 , user9);
INSERT INTO Ratings VALUES (4, 3440 , user9);
INSERT INTO Ratings VALUES (4, 3441 , user9);
INSERT INTO Ratings VALUES (4, 3442 , user9);
INSERT INTO Ratings VALUES (4, 3443 , user9);
INSERT INTO Ratings VALUES (4, 3444 , user9);
INSERT INTO Ratings VALUES (4, 3445 , user9);
INSERT INTO Ratings VALUES (4, 3446 , user9);
INSERT INTO Ratings VALUES (4, 3447 , user9);
INSERT INTO Ratings VALUES (4, 3448 , user9);
INSERT INTO Ratings VALUES (4, 3449 , user9);
INSERT INTO Ratings VALUES (4, 3450 , user9);
INSERT INTO Ratings VALUES (4, 3451 , user9);
INSERT INTO Ratings VALUES (4, 3452 , user9);
INSERT INTO Ratings VALUES (4, 3453 , user9);
INSERT INTO Ratings VALUES (4, 3454 , user9);
INSERT INTO Ratings VALUES (4, 3455 , user9);
INSERT INTO Ratings VALUES (4, 3456 , user9);
INSERT INTO Ratings VALUES (4, 3457 , user9);
INSERT INTO Ratings VALUES (4, 3458 , user9);
INSERT INTO Ratings VALUES (4, 3459 , user9);
INSERT INTO Ratings VALUES (4, 3460 , user9);
INSERT INTO Ratings VALUES (4, 3461 , user9);
INSERT INTO Ratings VALUES (4, 3462 , user9);
INSERT INTO Ratings VALUES (4, 3463 , user9);
INSERT INTO Ratings VALUES (4, 3464 , user9);
INSERT INTO Ratings VALUES (4, 3465 , user9);
INSERT INTO Ratings VALUES (4, 3466 , user9);
INSERT INTO Ratings VALUES (4, 3467 , user9);
INSERT INTO Ratings VALUES (4, 3468 , user9);
INSERT INTO Ratings VALUES (4, 3469 , user9);
INSERT INTO Ratings VALUES (4, 3470 , user9);
INSERT INTO Ratings VALUES (4, 3471 , user9);
INSERT INTO Ratings VALUES (4, 3472 , user9);
INSERT INTO Ratings VALUES (4, 3473 , user9);
INSERT INTO Ratings VALUES (4, 3474 , user9);
INSERT INTO Ratings VALUES (4, 3475 , user9);
INSERT INTO Ratings VALUES (4, 3476 , user9);
INSERT INTO Ratings VALUES (4, 3477 , user9);
INSERT INTO Ratings VALUES (4, 3478 , user9);
INSERT INTO Ratings VALUES (4, 3479 , user9);
INSERT INTO Ratings VALUES (4, 3480 , user9);
INSERT INTO Ratings VALUES (4, 3481 , user9);
INSERT INTO Ratings VALUES (4, 3482 , user9);
INSERT INTO Ratings VALUES (4, 3483 , user9);
INSERT INTO Ratings VALUES (4, 3484 , user9);
INSERT INTO Ratings VALUES (4, 3485 , user9);
INSERT INTO Ratings VALUES (4, 3486 , user9);
INSERT INTO Ratings VALUES (4, 3487 , user9);
INSERT INTO Ratings VALUES (4, 3488 , user9);
INSERT INTO Ratings VALUES (4, 3489 , user9);
INSERT INTO Ratings VALUES (4, 3490 , user9);
INSERT INTO Ratings VALUES (4, 3491 , user9);
INSERT INTO Ratings VALUES (4, 3492 , user9);
INSERT INTO Ratings VALUES (4, 3493 , user9);
INSERT INTO Ratings VALUES (4, 3494 , user9);
INSERT INTO Ratings VALUES (4, 3495 , user9);
INSERT INTO Ratings VALUES (4, 3496 , user9);
INSERT INTO Ratings VALUES (4, 3497 , user9);
INSERT INTO Ratings VALUES (4, 3498 , user9);
INSERT INTO Ratings VALUES (4, 3499 , user9);
INSERT INTO Ratings VALUES (4, 3500 , user9);
INSERT INTO Ratings VALUES (4, 3501 , user9);
INSERT INTO Ratings VALUES (4, 3502 , user9);
INSERT INTO Ratings VALUES (4, 3503 , user9);
INSERT INTO Ratings VALUES (4, 3504 , user9);
INSERT INTO Ratings VALUES (4, 3505 , user9);
INSERT INTO Ratings VALUES (4, 3506 , user9);
INSERT INTO Ratings VALUES (4, 3507 , user9);
INSERT INTO Ratings VALUES (4, 3508 , user9);
INSERT INTO Ratings VALUES (4, 3509 , user9);
INSERT INTO Ratings VALUES (4, 3510 , user9);
INSERT INTO Ratings VALUES (4, 3511 , user9);
INSERT INTO Ratings VALUES (4, 3512 , user9);
INSERT INTO Ratings VALUES (4, 3513 , user9);
INSERT INTO Ratings VALUES (4, 3514 , user9);
INSERT INTO Ratings VALUES (4, 3515 , user9);
INSERT INTO Ratings VALUES (4, 3516 , user9);
INSERT INTO Ratings VALUES (4, 3517 , user9);
INSERT INTO Ratings VALUES (4, 3518 , user9);
INSERT INTO Ratings VALUES (4, 3519 , user9);
INSERT INTO Ratings VALUES (4, 3520 , user9);
INSERT INTO Ratings VALUES (4, 3521 , user9);
INSERT INTO Ratings VALUES (4, 3522 , user9);
INSERT INTO Ratings VALUES (4, 3523 , user9);
INSERT INTO Ratings VALUES (4, 3524 , user9);
INSERT INTO Ratings VALUES (4, 3525 , user9);
INSERT INTO Ratings VALUES (4, 3526 , user9);
INSERT INTO Ratings VALUES (4, 3527 , user9);
INSERT INTO Ratings VALUES (4, 3528 , user9);
INSERT INTO Ratings VALUES (4, 3529 , user9);
INSERT INTO Ratings VALUES (4, 3530 , user9);
INSERT INTO Ratings VALUES (4, 3531 , user9);
INSERT INTO Ratings VALUES (4, 3532 , user9);
INSERT INTO Ratings VALUES (4, 3533 , user9);
INSERT INTO Ratings VALUES (4, 3534 , user9);
INSERT INTO Ratings VALUES (4, 3535 , user9);
INSERT INTO Ratings VALUES (4, 3536 , user9);
INSERT INTO Ratings VALUES (4, 3537 , user9);
INSERT INTO Ratings VALUES (4, 3538 , user9);
INSERT INTO Ratings VALUES (4, 3539 , user9);
INSERT INTO Ratings VALUES (4, 3540 , user9);
INSERT INTO Ratings VALUES (4, 3541 , user9);
INSERT INTO Ratings VALUES (4, 3542 , user9);
INSERT INTO Ratings VALUES (4, 3543 , user9);
INSERT INTO Ratings VALUES (4, 3544 , user9);
INSERT INTO Ratings VALUES (4, 3545 , user9);
INSERT INTO Ratings VALUES (4, 3546 , user9);
INSERT INTO Ratings VALUES (4, 3547 , user9);
INSERT INTO Ratings VALUES (4, 3548 , user9);
INSERT INTO Ratings VALUES (4, 3549 , user9);
INSERT INTO Ratings VALUES (4, 3550 , user9);
INSERT INTO Ratings VALUES (4, 3551 , user9);
INSERT INTO Ratings VALUES (4, 3552 , user9);
INSERT INTO Ratings VALUES (4, 3553 , user9);
INSERT INTO Ratings VALUES (4, 3554 , user9);
INSERT INTO Ratings VALUES (4, 3555 , user9);
INSERT INTO Ratings VALUES (4, 3556 , user9);
INSERT INTO Ratings VALUES (4, 3557 , user9);
INSERT INTO Ratings VALUES (4, 3558 , user9);
INSERT INTO Ratings VALUES (4, 3559 , user9);
INSERT INTO Ratings VALUES (4, 3560 , user9);
INSERT INTO Ratings VALUES (4, 3561 , user9);
INSERT INTO Ratings VALUES (4, 3562 , user9);
INSERT INTO Ratings VALUES (4, 3563 , user9);
INSERT INTO Ratings VALUES (4, 3564 , user9);
INSERT INTO Ratings VALUES (4, 3565 , user9);
INSERT INTO Ratings VALUES (4, 3566 , user9);
INSERT INTO Ratings VALUES (4, 3567 , user9);
INSERT INTO Ratings VALUES (4, 3568 , user9);
INSERT INTO Ratings VALUES (4, 3569 , user9);
INSERT INTO Ratings VALUES (4, 3570 , user9);
INSERT INTO Ratings VALUES (4, 3571 , user9);
INSERT INTO Ratings VALUES (4, 3572 , user9);
INSERT INTO Ratings VALUES (4, 3573 , user9);
INSERT INTO Ratings VALUES (4, 3574 , user9);
INSERT INTO Ratings VALUES (4, 3575 , user9);
INSERT INTO Ratings VALUES (4, 3576 , user9);
INSERT INTO Ratings VALUES (4, 3577 , user9);
INSERT INTO Ratings VALUES (4, 3578 , user9);
INSERT INTO Ratings VALUES (4, 3579 , user9);
INSERT INTO Ratings VALUES (4, 3580 , user9);
INSERT INTO Ratings VALUES (4, 3581 , user9);
INSERT INTO Ratings VALUES (4, 3582 , user9);
INSERT INTO Ratings VALUES (4, 3583 , user9);
INSERT INTO Ratings VALUES (4, 3584 , user9);
INSERT INTO Ratings VALUES (4, 3585 , user9);
INSERT INTO Ratings VALUES (4, 3586 , user9);
INSERT INTO Ratings VALUES (4, 3587 , user9);
INSERT INTO Ratings VALUES (4, 3588 , user9);
INSERT INTO Ratings VALUES (4, 3589 , user9);
INSERT INTO Ratings VALUES (4, 3590 , user9);
INSERT INTO Ratings VALUES (4, 3591 , user9);
INSERT INTO Ratings VALUES (4, 3592 , user9);
INSERT INTO Ratings VALUES (4, 3593 , user9);
INSERT INTO Ratings VALUES (4, 3594 , user9);
INSERT INTO Ratings VALUES (4, 3595 , user9);
INSERT INTO Ratings VALUES (4, 3596 , user9);
INSERT INTO Ratings VALUES (4, 3597 , user9);
INSERT INTO Ratings VALUES (4, 3598 , user9);
INSERT INTO Ratings VALUES (4, 3599 , user9);
INSERT INTO Ratings VALUES (4, 3600 , user9);
INSERT INTO Ratings VALUES (4, 3601 , user9);
INSERT INTO Ratings VALUES (4, 3602 , user9);
INSERT INTO Ratings VALUES (4, 3603 , user9);
INSERT INTO Ratings VALUES (4, 3604 , user9);
INSERT INTO Ratings VALUES (4, 3605 , user9);
INSERT INTO Ratings VALUES (4, 3606 , user9);
INSERT INTO Ratings VALUES (4, 3607 , user9);
INSERT INTO Ratings VALUES (4, 3608 , user9);
INSERT INTO Ratings VALUES (4, 3609 , user9);
INSERT INTO Ratings VALUES (4, 3610 , user9);
INSERT INTO Ratings VALUES (4, 3611 , user9);
INSERT INTO Ratings VALUES (4, 3612 , user9);
INSERT INTO Ratings VALUES (4, 3613 , user9);
INSERT INTO Ratings VALUES (4, 3614 , user9);
INSERT INTO Ratings VALUES (4, 3615 , user9);
INSERT INTO Ratings VALUES (4, 3616 , user9);
INSERT INTO Ratings VALUES (4, 3617 , user9);
INSERT INTO Ratings VALUES (4, 3618 , user9);
INSERT INTO Ratings VALUES (4, 3619 , user9);
INSERT INTO Ratings VALUES (4, 3620 , user9);
INSERT INTO Ratings VALUES (4, 3621 , user9);
INSERT INTO Ratings VALUES (4, 3622 , user9);
INSERT INTO Ratings VALUES (4, 3623 , user9);
INSERT INTO Ratings VALUES (4, 3624 , user9);
INSERT INTO Ratings VALUES (4, 3625 , user9);
INSERT INTO Ratings VALUES (4, 3626 , user9);
INSERT INTO Ratings VALUES (4, 3627 , user9);
INSERT INTO Ratings VALUES (4, 3628 , user9);
INSERT INTO Ratings VALUES (4, 3629 , user9);
INSERT INTO Ratings VALUES (4, 3630 , user9);
INSERT INTO Ratings VALUES (4, 3631 , user9);
INSERT INTO Ratings VALUES (4, 3632 , user9);
INSERT INTO Ratings VALUES (4, 3633 , user9);
INSERT INTO Ratings VALUES (4, 3634 , user9);
INSERT INTO Ratings VALUES (4, 3635 , user9);
INSERT INTO Ratings VALUES (4, 3636 , user9);
INSERT INTO Ratings VALUES (4, 3637 , user9);
INSERT INTO Ratings VALUES (4, 3638 , user9);
INSERT INTO Ratings VALUES (4, 3639 , user9);
INSERT INTO Ratings VALUES (4, 3640 , user9);
INSERT INTO Ratings VALUES (4, 3641 , user9);
INSERT INTO Ratings VALUES (4, 3642 , user9);
INSERT INTO Ratings VALUES (4, 3643 , user9);
INSERT INTO Ratings VALUES (4, 3644 , user9);
INSERT INTO Ratings VALUES (4, 3645 , user9);
INSERT INTO Ratings VALUES (4, 3646 , user9);
INSERT INTO Ratings VALUES (4, 3647 , user9);
INSERT INTO Ratings VALUES (4, 3648 , user9);
INSERT INTO Ratings VALUES (4, 3649 , user9);
INSERT INTO Ratings VALUES (4, 3650 , user9);
INSERT INTO Ratings VALUES (4, 3651 , user9);
INSERT INTO Ratings VALUES (4, 3652 , user9);
INSERT INTO Ratings VALUES (4, 3653 , user9);
INSERT INTO Ratings VALUES (4, 3654 , user9);
INSERT INTO Ratings VALUES (4, 3655 , user9);
INSERT INTO Ratings VALUES (4, 3656 , user9);
INSERT INTO Ratings VALUES (4, 3657 , user9);
INSERT INTO Ratings VALUES (4, 3658 , user9);
INSERT INTO Ratings VALUES (4, 3659 , user9);
INSERT INTO Ratings VALUES (4, 3660 , user9);
INSERT INTO Ratings VALUES (4, 3661 , user9);
INSERT INTO Ratings VALUES (4, 3662 , user9);
INSERT INTO Ratings VALUES (4, 3663 , user9);
INSERT INTO Ratings VALUES (4, 3664 , user9);
INSERT INTO Ratings VALUES (4, 3665 , user9);
INSERT INTO Ratings VALUES (4, 3666 , user9);
INSERT INTO Ratings VALUES (4, 3667 , user9);
INSERT INTO Ratings VALUES (4, 3668 , user9);
INSERT INTO Ratings VALUES (4, 3669 , user9);
INSERT INTO Ratings VALUES (4, 3670 , user9);
INSERT INTO Ratings VALUES (4, 3671 , user9);
INSERT INTO Ratings VALUES (4, 3672 , user9);
INSERT INTO Ratings VALUES (4, 3673 , user9);
INSERT INTO Ratings VALUES (4, 3674 , user9);
INSERT INTO Ratings VALUES (4, 3675 , user9);
INSERT INTO Ratings VALUES (4, 3676 , user9);
INSERT INTO Ratings VALUES (4, 3677 , user9);
INSERT INTO Ratings VALUES (4, 3678 , user9);
INSERT INTO Ratings VALUES (4, 3679 , user9);
INSERT INTO Ratings VALUES (4, 3680 , user9);
INSERT INTO Ratings VALUES (4, 3681 , user9);
INSERT INTO Ratings VALUES (4, 3682 , user9);
INSERT INTO Ratings VALUES (4, 3683 , user9);
INSERT INTO Ratings VALUES (4, 3684 , user9);
INSERT INTO Ratings VALUES (4, 3685 , user9);
INSERT INTO Ratings VALUES (4, 3686 , user9);
INSERT INTO Ratings VALUES (4, 3687 , user9);
INSERT INTO Ratings VALUES (4, 3688 , user9);
INSERT INTO Ratings VALUES (4, 3689 , user9);
INSERT INTO Ratings VALUES (4, 3690 , user9);
INSERT INTO Ratings VALUES (4, 3691 , user9);
INSERT INTO Ratings VALUES (4, 3692 , user9);
INSERT INTO Ratings VALUES (4, 3693 , user9);
INSERT INTO Ratings VALUES (4, 3694 , user9);
INSERT INTO Ratings VALUES (4, 3695 , user9);
INSERT INTO Ratings VALUES (4, 3696 , user9);
INSERT INTO Ratings VALUES (4, 3697 , user9);
INSERT INTO Ratings VALUES (4, 3698 , user9);
INSERT INTO Ratings VALUES (4, 3699 , user9);
INSERT INTO Ratings VALUES (4, 3700 , user9);
INSERT INTO Ratings VALUES (4, 3701 , user9);
INSERT INTO Ratings VALUES (4, 3702 , user9);
INSERT INTO Ratings VALUES (4, 3703 , user9);
INSERT INTO Ratings VALUES (4, 3704 , user9);
INSERT INTO Ratings VALUES (4, 3705 , user9);
INSERT INTO Ratings VALUES (4, 3706 , user9);
INSERT INTO Ratings VALUES (4, 3707 , user9);
INSERT INTO Ratings VALUES (4, 3708 , user9);
INSERT INTO Ratings VALUES (4, 3709 , user9);
INSERT INTO Ratings VALUES (4, 3710 , user9);
INSERT INTO Ratings VALUES (4, 3711 , user9);
INSERT INTO Ratings VALUES (4, 3712 , user9);
INSERT INTO Ratings VALUES (4, 3713 , user9);
INSERT INTO Ratings VALUES (4, 3714 , user9);
INSERT INTO Ratings VALUES (4, 3715 , user9);
INSERT INTO Ratings VALUES (4, 3716 , user9);
INSERT INTO Ratings VALUES (4, 3717 , user9);
INSERT INTO Ratings VALUES (4, 3718 , user9);
INSERT INTO Ratings VALUES (4, 3719 , user9);
INSERT INTO Ratings VALUES (4, 3720 , user9);
INSERT INTO Ratings VALUES (4, 3721 , user9);
INSERT INTO Ratings VALUES (4, 3722 , user9);
INSERT INTO Ratings VALUES (4, 3723 , user9);
INSERT INTO Ratings VALUES (4, 3724 , user9);
INSERT INTO Ratings VALUES (4, 3725 , user9);
INSERT INTO Ratings VALUES (4, 3726 , user9);
INSERT INTO Ratings VALUES (4, 3727 , user9);
INSERT INTO Ratings VALUES (4, 3728 , user9);
INSERT INTO Ratings VALUES (4, 3729 , user9);
INSERT INTO Ratings VALUES (4, 3730 , user9);
INSERT INTO Ratings VALUES (4, 3731 , user9);
INSERT INTO Ratings VALUES (4, 3732 , user9);
INSERT INTO Ratings VALUES (4, 3733 , user9);
INSERT INTO Ratings VALUES (4, 3734 , user9);
INSERT INTO Ratings VALUES (4, 3735 , user9);
INSERT INTO Ratings VALUES (4, 3736 , user9);
INSERT INTO Ratings VALUES (4, 3737 , user9);
INSERT INTO Ratings VALUES (4, 3738 , user9);
INSERT INTO Ratings VALUES (4, 3739 , user9);
INSERT INTO Ratings VALUES (4, 3740 , user9);
INSERT INTO Ratings VALUES (4, 3741 , user9);
INSERT INTO Ratings VALUES (4, 3742 , user9);
INSERT INTO Ratings VALUES (4, 3743 , user9);
INSERT INTO Ratings VALUES (4, 3744 , user9);
INSERT INTO Ratings VALUES (4, 3745 , user9);
INSERT INTO Ratings VALUES (4, 3746 , user9);
INSERT INTO Ratings VALUES (4, 3747 , user9);
INSERT INTO Ratings VALUES (4, 3748 , user9);
INSERT INTO Ratings VALUES (4, 3749 , user9);
INSERT INTO Ratings VALUES (4, 3750 , user9);
INSERT INTO Ratings VALUES (4, 3751 , user9);
INSERT INTO Ratings VALUES (4, 3752 , user9);
INSERT INTO Ratings VALUES (4, 3753 , user9);
INSERT INTO Ratings VALUES (4, 3754 , user9);
INSERT INTO Ratings VALUES (4, 3755 , user9);
INSERT INTO Ratings VALUES (4, 3756 , user9);
INSERT INTO Ratings VALUES (4, 3757 , user9);
INSERT INTO Ratings VALUES (4, 3758 , user9);
INSERT INTO Ratings VALUES (4, 3759 , user9);
INSERT INTO Ratings VALUES (4, 3760 , user9);
INSERT INTO Ratings VALUES (4, 3761 , user9);
INSERT INTO Ratings VALUES (4, 3762 , user9);
INSERT INTO Ratings VALUES (4, 3763 , user9);
INSERT INTO Ratings VALUES (4, 3764 , user9);
INSERT INTO Ratings VALUES (4, 3765 , user9);
INSERT INTO Ratings VALUES (4, 3766 , user9);
INSERT INTO Ratings VALUES (4, 3767 , user9);
INSERT INTO Ratings VALUES (4, 3768 , user9);
INSERT INTO Ratings VALUES (4, 3769 , user9);
INSERT INTO Ratings VALUES (4, 3770 , user9);
INSERT INTO Ratings VALUES (4, 3771 , user9);
INSERT INTO Ratings VALUES (4, 3772 , user9);
INSERT INTO Ratings VALUES (4, 3773 , user9);
INSERT INTO Ratings VALUES (4, 3774 , user9);
INSERT INTO Ratings VALUES (4, 3775 , user9);
INSERT INTO Ratings VALUES (4, 3776 , user9);
INSERT INTO Ratings VALUES (4, 3777 , user9);
INSERT INTO Ratings VALUES (4, 3778 , user9);
INSERT INTO Ratings VALUES (4, 3779 , user9);
INSERT INTO Ratings VALUES (4, 3780 , user9);
INSERT INTO Ratings VALUES (4, 3781 , user9);
INSERT INTO Ratings VALUES (4, 3782 , user9);
INSERT INTO Ratings VALUES (4, 3783 , user9);
INSERT INTO Ratings VALUES (4, 3784 , user9);
INSERT INTO Ratings VALUES (4, 3785 , user9);
INSERT INTO Ratings VALUES (4, 3786 , user9);
INSERT INTO Ratings VALUES (4, 3787 , user9);
INSERT INTO Ratings VALUES (4, 3788 , user9);
INSERT INTO Ratings VALUES (4, 3789 , user9);
INSERT INTO Ratings VALUES (4, 3790 , user9);
INSERT INTO Ratings VALUES (4, 3791 , user9);
INSERT INTO Ratings VALUES (4, 3792 , user9);
INSERT INTO Ratings VALUES (4, 3793 , user9);
INSERT INTO Ratings VALUES (4, 3794 , user9);
INSERT INTO Ratings VALUES (4, 3795 , user9);
INSERT INTO Ratings VALUES (4, 3796 , user9);
INSERT INTO Ratings VALUES (4, 3797 , user9);
INSERT INTO Ratings VALUES (4, 3798 , user9);
INSERT INTO Ratings VALUES (4, 3799 , user9);
INSERT INTO Ratings VALUES (4, 3800 , user9);
INSERT INTO Ratings VALUES (4, 3801 , user9);
INSERT INTO Ratings VALUES (4, 3802 , user9);
INSERT INTO Ratings VALUES (4, 3803 , user9);
INSERT INTO Ratings VALUES (4, 3804 , user9);
INSERT INTO Ratings VALUES (4, 3805 , user9);
INSERT INTO Ratings VALUES (4, 3806 , user9);
INSERT INTO Ratings VALUES (4, 3807 , user9);
INSERT INTO Ratings VALUES (4, 3808 , user9);
INSERT INTO Ratings VALUES (4, 3809 , user9);
INSERT INTO Ratings VALUES (4, 3810 , user9);
INSERT INTO Ratings VALUES (4, 3811 , user9);
INSERT INTO Ratings VALUES (4, 3812 , user9);
INSERT INTO Ratings VALUES (4, 3813 , user9);
INSERT INTO Ratings VALUES (4, 3814 , user9);
INSERT INTO Ratings VALUES (4, 3815 , user9);
INSERT INTO Ratings VALUES (4, 3816 , user9);
INSERT INTO Ratings VALUES (4, 3817 , user9);
INSERT INTO Ratings VALUES (4, 3818 , user9);
INSERT INTO Ratings VALUES (4, 3819 , user9);
INSERT INTO Ratings VALUES (4, 3820 , user9);
INSERT INTO Ratings VALUES (4, 3821 , user9);
INSERT INTO Ratings VALUES (4, 3822 , user9);
INSERT INTO Ratings VALUES (4, 3823 , user9);
INSERT INTO Ratings VALUES (4, 3824 , user9);
INSERT INTO Ratings VALUES (4, 3825 , user9);
INSERT INTO Ratings VALUES (4, 3826 , user9);
INSERT INTO Ratings VALUES (4, 3827 , user9);
INSERT INTO Ratings VALUES (4, 3828 , user9);
INSERT INTO Ratings VALUES (4, 3829 , user9);
INSERT INTO Ratings VALUES (4, 3830 , user9);
INSERT INTO Ratings VALUES (4, 3831 , user9);
INSERT INTO Ratings VALUES (4, 3832 , user9);
INSERT INTO Ratings VALUES (4, 3833 , user9);
INSERT INTO Ratings VALUES (4, 3834 , user9);
INSERT INTO Ratings VALUES (4, 3835 , user9);
INSERT INTO Ratings VALUES (4, 3836 , user9);
INSERT INTO Ratings VALUES (4, 3837 , user9);
INSERT INTO Ratings VALUES (4, 3838 , user9);
INSERT INTO Ratings VALUES (4, 3839 , user9);
INSERT INTO Ratings VALUES (4, 3840 , user9);
INSERT INTO Ratings VALUES (4, 3841 , user9);
INSERT INTO Ratings VALUES (4, 3842 , user9);
INSERT INTO Ratings VALUES (4, 3843 , user9);
INSERT INTO Ratings VALUES (4, 3844 , user9);
INSERT INTO Ratings VALUES (4, 3845 , user9);
INSERT INTO Ratings VALUES (4, 3846 , user9);
INSERT INTO Ratings VALUES (4, 3847 , user9);
INSERT INTO Ratings VALUES (4, 3848 , user9);
INSERT INTO Ratings VALUES (4, 3849 , user9);
INSERT INTO Ratings VALUES (4, 3850 , user9);
INSERT INTO Ratings VALUES (4, 3851 , user9);
INSERT INTO Ratings VALUES (4, 3852 , user9);
INSERT INTO Ratings VALUES (4, 3853 , user9);
INSERT INTO Ratings VALUES (4, 3854 , user9);
INSERT INTO Ratings VALUES (4, 3855 , user9);
INSERT INTO Ratings VALUES (4, 3856 , user9);
INSERT INTO Ratings VALUES (4, 3857 , user9);
INSERT INTO Ratings VALUES (4, 3858 , user9);
INSERT INTO Ratings VALUES (4, 3859 , user9);
INSERT INTO Ratings VALUES (4, 3860 , user9);
INSERT INTO Ratings VALUES (4, 3861 , user9);
INSERT INTO Ratings VALUES (4, 3862 , user9);
INSERT INTO Ratings VALUES (4, 3863 , user9);
INSERT INTO Ratings VALUES (4, 3864 , user9);
INSERT INTO Ratings VALUES (4, 3865 , user9);
INSERT INTO Ratings VALUES (4, 3866 , user9);
INSERT INTO Ratings VALUES (4, 3867 , user9);
INSERT INTO Ratings VALUES (4, 3868 , user9);
INSERT INTO Ratings VALUES (4, 3869 , user9);
INSERT INTO Ratings VALUES (4, 3870 , user9);
INSERT INTO Ratings VALUES (4, 3871 , user9);
INSERT INTO Ratings VALUES (4, 3872 , user9);
INSERT INTO Ratings VALUES (4, 3873 , user9);
INSERT INTO Ratings VALUES (4, 3874 , user9);
INSERT INTO Ratings VALUES (4, 3875 , user9);
INSERT INTO Ratings VALUES (4, 3876 , user9);
INSERT INTO Ratings VALUES (4, 3877 , user9);
INSERT INTO Ratings VALUES (4, 3878 , user9);
INSERT INTO Ratings VALUES (4, 3879 , user9);
INSERT INTO Ratings VALUES (4, 3880 , user9);
INSERT INTO Ratings VALUES (4, 3881 , user9);
INSERT INTO Ratings VALUES (4, 3882 , user9);
INSERT INTO Ratings VALUES (4, 3883 , user9);
INSERT INTO Ratings VALUES (4, 3884 , user9);
INSERT INTO Ratings VALUES (4, 3885 , user9);
INSERT INTO Ratings VALUES (4, 3886 , user9);
INSERT INTO Ratings VALUES (4, 3887 , user9);
INSERT INTO Ratings VALUES (4, 3888 , user9);
INSERT INTO Ratings VALUES (4, 3889 , user9);
INSERT INTO Ratings VALUES (4, 3890 , user9);
INSERT INTO Ratings VALUES (4, 3891 , user9);
INSERT INTO Ratings VALUES (4, 3892 , user9);
INSERT INTO Ratings VALUES (4, 3893 , user9);
INSERT INTO Ratings VALUES (4, 3894 , user9);
INSERT INTO Ratings VALUES (4, 3895 , user9);
INSERT INTO Ratings VALUES (4, 3896 , user9);
INSERT INTO Ratings VALUES (4, 3897 , user9);
INSERT INTO Ratings VALUES (4, 3898 , user9);
INSERT INTO Ratings VALUES (4, 3899 , user9);
INSERT INTO Ratings VALUES (4, 3900 , user9);
INSERT INTO Ratings VALUES (4, 3901 , user9);
INSERT INTO Ratings VALUES (4, 3902 , user9);
INSERT INTO Ratings VALUES (4, 3903 , user9);
INSERT INTO Ratings VALUES (4, 3904 , user9);
INSERT INTO Ratings VALUES (4, 3905 , user9);
INSERT INTO Ratings VALUES (4, 3906 , user9);
INSERT INTO Ratings VALUES (4, 3907 , user9);
INSERT INTO Ratings VALUES (4, 3908 , user9);
INSERT INTO Ratings VALUES (4, 3909 , user9);
INSERT INTO Ratings VALUES (4, 3910 , user9);
INSERT INTO Ratings VALUES (4, 3911 , user9);
INSERT INTO Ratings VALUES (4, 3912 , user9);
INSERT INTO Ratings VALUES (4, 3913 , user9);
INSERT INTO Ratings VALUES (4, 3914 , user9);
INSERT INTO Ratings VALUES (4, 3915 , user9);
INSERT INTO Ratings VALUES (4, 3916 , user9);
INSERT INTO Ratings VALUES (4, 3917 , user9);
INSERT INTO Ratings VALUES (4, 3918 , user9);
INSERT INTO Ratings VALUES (4, 3919 , user9);
INSERT INTO Ratings VALUES (4, 3920 , user9);
INSERT INTO Ratings VALUES (4, 3921 , user9);
INSERT INTO Ratings VALUES (4, 3922 , user9);
INSERT INTO Ratings VALUES (4, 3923 , user9);
INSERT INTO Ratings VALUES (4, 3924 , user9);
INSERT INTO Ratings VALUES (4, 3925 , user9);
INSERT INTO Ratings VALUES (4, 3926 , user9);
INSERT INTO Ratings VALUES (4, 3927 , user9);
INSERT INTO Ratings VALUES (4, 3928 , user9);
INSERT INTO Ratings VALUES (4, 3929 , user9);
INSERT INTO Ratings VALUES (4, 3930 , user9);
INSERT INTO Ratings VALUES (4, 3931 , user9);
INSERT INTO Ratings VALUES (4, 3932 , user9);
INSERT INTO Ratings VALUES (4, 3933 , user9);
INSERT INTO Ratings VALUES (4, 3934 , user9);
INSERT INTO Ratings VALUES (4, 3935 , user9);
INSERT INTO Ratings VALUES (4, 3936 , user9);
INSERT INTO Ratings VALUES (4, 3937 , user9);
INSERT INTO Ratings VALUES (4, 3938 , user9);
INSERT INTO Ratings VALUES (4, 3939 , user9);
INSERT INTO Ratings VALUES (4, 3940 , user9);
INSERT INTO Ratings VALUES (4, 3941 , user9);
INSERT INTO Ratings VALUES (4, 3942 , user9);
INSERT INTO Ratings VALUES (4, 3943 , user9);
INSERT INTO Ratings VALUES (4, 3944 , user9);
INSERT INTO Ratings VALUES (4, 3945 , user9);
INSERT INTO Ratings VALUES (4, 3946 , user9);
INSERT INTO Ratings VALUES (4, 3947 , user9);
INSERT INTO Ratings VALUES (4, 3948 , user9);
INSERT INTO Ratings VALUES (4, 3949 , user9);
INSERT INTO Ratings VALUES (4, 3950 , user9);
INSERT INTO Ratings VALUES (4, 3951 , user9);
INSERT INTO Ratings VALUES (4, 3952 , user9);
INSERT INTO Ratings VALUES (4, 3953 , user9);
INSERT INTO Ratings VALUES (4, 3954 , user9);
INSERT INTO Ratings VALUES (4, 3955 , user9);
INSERT INTO Ratings VALUES (4, 3956 , user9);
INSERT INTO Ratings VALUES (4, 3957 , user9);
INSERT INTO Ratings VALUES (4, 3958 , user9);
INSERT INTO Ratings VALUES (4, 3959 , user9);
INSERT INTO Ratings VALUES (4, 3960 , user9);
INSERT INTO Ratings VALUES (4, 3961 , user9);
INSERT INTO Ratings VALUES (4, 3962 , user9);
INSERT INTO Ratings VALUES (4, 3963 , user9);
INSERT INTO Ratings VALUES (4, 3964 , user9);
INSERT INTO Ratings VALUES (4, 3965 , user9);
INSERT INTO Ratings VALUES (4, 3966 , user9);
INSERT INTO Ratings VALUES (4, 3967 , user9);
INSERT INTO Ratings VALUES (4, 3968 , user9);
INSERT INTO Ratings VALUES (4, 3969 , user9);
INSERT INTO Ratings VALUES (4, 3970 , user9);
INSERT INTO Ratings VALUES (4, 3971 , user9);
INSERT INTO Ratings VALUES (4, 3972 , user9);
INSERT INTO Ratings VALUES (4, 3973 , user9);
INSERT INTO Ratings VALUES (4, 3974 , user9);
INSERT INTO Ratings VALUES (4, 3975 , user9);
INSERT INTO Ratings VALUES (4, 3976 , user9);
INSERT INTO Ratings VALUES (4, 3977 , user9);
INSERT INTO Ratings VALUES (4, 3978 , user9);
INSERT INTO Ratings VALUES (4, 3979 , user9);
INSERT INTO Ratings VALUES (4, 3980 , user9);
INSERT INTO Ratings VALUES (4, 3981 , user9);
INSERT INTO Ratings VALUES (4, 3982 , user9);
INSERT INTO Ratings VALUES (4, 3983 , user9);
INSERT INTO Ratings VALUES (4, 3984 , user9);
INSERT INTO Ratings VALUES (4, 3985 , user9);
INSERT INTO Ratings VALUES (4, 3986 , user9);
INSERT INTO Ratings VALUES (4, 3987 , user9);
INSERT INTO Ratings VALUES (4, 3988 , user9);
INSERT INTO Ratings VALUES (4, 3989 , user9);
INSERT INTO Ratings VALUES (4, 3990 , user9);
INSERT INTO Ratings VALUES (4, 3991 , user9);
INSERT INTO Ratings VALUES (4, 3992 , user9);
INSERT INTO Ratings VALUES (4, 3993 , user9);
INSERT INTO Ratings VALUES (4, 3994 , user9);
INSERT INTO Ratings VALUES (4, 3995 , user9);
INSERT INTO Ratings VALUES (4, 3996 , user9);
INSERT INTO Ratings VALUES (4, 3997 , user9);
INSERT INTO Ratings VALUES (4, 3998 , user9);
INSERT INTO Ratings VALUES (4, 3999 , user9);

-- User 10
INSERT INTO Users VALUES (user10, user10password);
--User10 Ratings
INSERT INTO Ratings VALUES (3, 4000 , user10);
INSERT INTO Ratings VALUES (3, 4001 , user10);
INSERT INTO Ratings VALUES (3, 4002 , user10);
INSERT INTO Ratings VALUES (3, 4003 , user10);
INSERT INTO Ratings VALUES (3, 4004 , user10);
INSERT INTO Ratings VALUES (3, 4005 , user10);
INSERT INTO Ratings VALUES (3, 4006 , user10);
INSERT INTO Ratings VALUES (3, 4007 , user10);
INSERT INTO Ratings VALUES (3, 4008 , user10);
INSERT INTO Ratings VALUES (3, 4009 , user10);
INSERT INTO Ratings VALUES (3, 4010 , user10);
INSERT INTO Ratings VALUES (3, 4011 , user10);
INSERT INTO Ratings VALUES (3, 4012 , user10);
INSERT INTO Ratings VALUES (3, 4013 , user10);
INSERT INTO Ratings VALUES (3, 4014 , user10);
INSERT INTO Ratings VALUES (3, 4015 , user10);
INSERT INTO Ratings VALUES (3, 4016 , user10);
INSERT INTO Ratings VALUES (3, 4017 , user10);
INSERT INTO Ratings VALUES (3, 4018 , user10);
INSERT INTO Ratings VALUES (3, 4019 , user10);
INSERT INTO Ratings VALUES (3, 4020 , user10);
INSERT INTO Ratings VALUES (3, 4021 , user10);
INSERT INTO Ratings VALUES (3, 4022 , user10);
INSERT INTO Ratings VALUES (3, 4023 , user10);
INSERT INTO Ratings VALUES (3, 4024 , user10);
INSERT INTO Ratings VALUES (3, 4025 , user10);
INSERT INTO Ratings VALUES (3, 4026 , user10);
INSERT INTO Ratings VALUES (3, 4027 , user10);
INSERT INTO Ratings VALUES (3, 4028 , user10);
INSERT INTO Ratings VALUES (3, 4029 , user10);
INSERT INTO Ratings VALUES (3, 4030 , user10);
INSERT INTO Ratings VALUES (3, 4031 , user10);
INSERT INTO Ratings VALUES (3, 4032 , user10);
INSERT INTO Ratings VALUES (3, 4033 , user10);
INSERT INTO Ratings VALUES (3, 4034 , user10);
INSERT INTO Ratings VALUES (3, 4035 , user10);
INSERT INTO Ratings VALUES (3, 4036 , user10);
INSERT INTO Ratings VALUES (3, 4037 , user10);
INSERT INTO Ratings VALUES (3, 4038 , user10);
INSERT INTO Ratings VALUES (3, 4039 , user10);
INSERT INTO Ratings VALUES (3, 4040 , user10);
INSERT INTO Ratings VALUES (3, 4041 , user10);
INSERT INTO Ratings VALUES (3, 4042 , user10);
INSERT INTO Ratings VALUES (3, 4043 , user10);
INSERT INTO Ratings VALUES (3, 4044 , user10);
INSERT INTO Ratings VALUES (3, 4045 , user10);
INSERT INTO Ratings VALUES (3, 4046 , user10);
INSERT INTO Ratings VALUES (3, 4047 , user10);
INSERT INTO Ratings VALUES (3, 4048 , user10);
INSERT INTO Ratings VALUES (3, 4049 , user10);
INSERT INTO Ratings VALUES (3, 4050 , user10);
INSERT INTO Ratings VALUES (3, 4051 , user10);
INSERT INTO Ratings VALUES (3, 4052 , user10);
INSERT INTO Ratings VALUES (3, 4053 , user10);
INSERT INTO Ratings VALUES (3, 4054 , user10);
INSERT INTO Ratings VALUES (3, 4055 , user10);
INSERT INTO Ratings VALUES (3, 4056 , user10);
INSERT INTO Ratings VALUES (3, 4057 , user10);
INSERT INTO Ratings VALUES (3, 4058 , user10);
INSERT INTO Ratings VALUES (3, 4059 , user10);
INSERT INTO Ratings VALUES (3, 4060 , user10);
INSERT INTO Ratings VALUES (3, 4061 , user10);
INSERT INTO Ratings VALUES (3, 4062 , user10);
INSERT INTO Ratings VALUES (3, 4063 , user10);
INSERT INTO Ratings VALUES (3, 4064 , user10);
INSERT INTO Ratings VALUES (3, 4065 , user10);
INSERT INTO Ratings VALUES (3, 4066 , user10);
INSERT INTO Ratings VALUES (3, 4067 , user10);
INSERT INTO Ratings VALUES (3, 4068 , user10);
INSERT INTO Ratings VALUES (3, 4069 , user10);
INSERT INTO Ratings VALUES (3, 4070 , user10);
INSERT INTO Ratings VALUES (3, 4071 , user10);
INSERT INTO Ratings VALUES (3, 4072 , user10);
INSERT INTO Ratings VALUES (3, 4073 , user10);
INSERT INTO Ratings VALUES (3, 4074 , user10);
INSERT INTO Ratings VALUES (3, 4075 , user10);
INSERT INTO Ratings VALUES (3, 4076 , user10);
INSERT INTO Ratings VALUES (3, 4077 , user10);
INSERT INTO Ratings VALUES (3, 4078 , user10);
INSERT INTO Ratings VALUES (3, 4079 , user10);
INSERT INTO Ratings VALUES (3, 4080 , user10);
INSERT INTO Ratings VALUES (3, 4081 , user10);
INSERT INTO Ratings VALUES (3, 4082 , user10);
INSERT INTO Ratings VALUES (3, 4083 , user10);
INSERT INTO Ratings VALUES (3, 4084 , user10);
INSERT INTO Ratings VALUES (3, 4085 , user10);
INSERT INTO Ratings VALUES (3, 4086 , user10);
INSERT INTO Ratings VALUES (3, 4087 , user10);
INSERT INTO Ratings VALUES (3, 4088 , user10);
INSERT INTO Ratings VALUES (3, 4089 , user10);
INSERT INTO Ratings VALUES (3, 4090 , user10);
INSERT INTO Ratings VALUES (3, 4091 , user10);
INSERT INTO Ratings VALUES (3, 4092 , user10);
INSERT INTO Ratings VALUES (3, 4093 , user10);
INSERT INTO Ratings VALUES (3, 4094 , user10);
INSERT INTO Ratings VALUES (3, 4095 , user10);
INSERT INTO Ratings VALUES (3, 4096 , user10);
INSERT INTO Ratings VALUES (3, 4097 , user10);
INSERT INTO Ratings VALUES (3, 4098 , user10);
INSERT INTO Ratings VALUES (3, 4099 , user10);
INSERT INTO Ratings VALUES (3, 4100 , user10);
INSERT INTO Ratings VALUES (3, 4101 , user10);
INSERT INTO Ratings VALUES (3, 4102 , user10);
INSERT INTO Ratings VALUES (3, 4103 , user10);
INSERT INTO Ratings VALUES (3, 4104 , user10);
INSERT INTO Ratings VALUES (3, 4105 , user10);
INSERT INTO Ratings VALUES (3, 4106 , user10);
INSERT INTO Ratings VALUES (3, 4107 , user10);
INSERT INTO Ratings VALUES (3, 4108 , user10);
INSERT INTO Ratings VALUES (3, 4109 , user10);
INSERT INTO Ratings VALUES (3, 4110 , user10);
INSERT INTO Ratings VALUES (3, 4111 , user10);
INSERT INTO Ratings VALUES (3, 4112 , user10);
INSERT INTO Ratings VALUES (3, 4113 , user10);
INSERT INTO Ratings VALUES (3, 4114 , user10);
INSERT INTO Ratings VALUES (3, 4115 , user10);
INSERT INTO Ratings VALUES (3, 4116 , user10);
INSERT INTO Ratings VALUES (3, 4117 , user10);
INSERT INTO Ratings VALUES (3, 4118 , user10);
INSERT INTO Ratings VALUES (3, 4119 , user10);
INSERT INTO Ratings VALUES (3, 4120 , user10);
INSERT INTO Ratings VALUES (3, 4121 , user10);
INSERT INTO Ratings VALUES (3, 4122 , user10);
INSERT INTO Ratings VALUES (3, 4123 , user10);
INSERT INTO Ratings VALUES (3, 4124 , user10);
INSERT INTO Ratings VALUES (3, 4125 , user10);
INSERT INTO Ratings VALUES (3, 4126 , user10);
INSERT INTO Ratings VALUES (3, 4127 , user10);
INSERT INTO Ratings VALUES (3, 4128 , user10);
INSERT INTO Ratings VALUES (3, 4129 , user10);
INSERT INTO Ratings VALUES (3, 4130 , user10);
INSERT INTO Ratings VALUES (3, 4131 , user10);
INSERT INTO Ratings VALUES (3, 4132 , user10);
INSERT INTO Ratings VALUES (3, 4133 , user10);
INSERT INTO Ratings VALUES (3, 4134 , user10);
INSERT INTO Ratings VALUES (3, 4135 , user10);
INSERT INTO Ratings VALUES (3, 4136 , user10);
INSERT INTO Ratings VALUES (3, 4137 , user10);
INSERT INTO Ratings VALUES (3, 4138 , user10);
INSERT INTO Ratings VALUES (3, 4139 , user10);
INSERT INTO Ratings VALUES (3, 4140 , user10);
INSERT INTO Ratings VALUES (3, 4141 , user10);
INSERT INTO Ratings VALUES (3, 4142 , user10);
INSERT INTO Ratings VALUES (3, 4143 , user10);
INSERT INTO Ratings VALUES (3, 4144 , user10);
INSERT INTO Ratings VALUES (3, 4145 , user10);
INSERT INTO Ratings VALUES (3, 4146 , user10);
INSERT INTO Ratings VALUES (3, 4147 , user10);
INSERT INTO Ratings VALUES (3, 4148 , user10);
INSERT INTO Ratings VALUES (3, 4149 , user10);
INSERT INTO Ratings VALUES (3, 4150 , user10);
INSERT INTO Ratings VALUES (3, 4151 , user10);
INSERT INTO Ratings VALUES (3, 4152 , user10);
INSERT INTO Ratings VALUES (3, 4153 , user10);
INSERT INTO Ratings VALUES (3, 4154 , user10);
INSERT INTO Ratings VALUES (3, 4155 , user10);
INSERT INTO Ratings VALUES (3, 4156 , user10);
INSERT INTO Ratings VALUES (3, 4157 , user10);
INSERT INTO Ratings VALUES (3, 4158 , user10);
INSERT INTO Ratings VALUES (3, 4159 , user10);
INSERT INTO Ratings VALUES (3, 4160 , user10);
INSERT INTO Ratings VALUES (3, 4161 , user10);
INSERT INTO Ratings VALUES (3, 4162 , user10);
INSERT INTO Ratings VALUES (3, 4163 , user10);
INSERT INTO Ratings VALUES (3, 4164 , user10);
INSERT INTO Ratings VALUES (3, 4165 , user10);
INSERT INTO Ratings VALUES (3, 4166 , user10);
INSERT INTO Ratings VALUES (3, 4167 , user10);
INSERT INTO Ratings VALUES (3, 4168 , user10);
INSERT INTO Ratings VALUES (3, 4169 , user10);
INSERT INTO Ratings VALUES (3, 4170 , user10);
INSERT INTO Ratings VALUES (3, 4171 , user10);
INSERT INTO Ratings VALUES (3, 4172 , user10);
INSERT INTO Ratings VALUES (3, 4173 , user10);
INSERT INTO Ratings VALUES (3, 4174 , user10);
INSERT INTO Ratings VALUES (3, 4175 , user10);
INSERT INTO Ratings VALUES (3, 4176 , user10);
INSERT INTO Ratings VALUES (3, 4177 , user10);
INSERT INTO Ratings VALUES (3, 4178 , user10);
INSERT INTO Ratings VALUES (3, 4179 , user10);
INSERT INTO Ratings VALUES (3, 4180 , user10);
INSERT INTO Ratings VALUES (3, 4181 , user10);
INSERT INTO Ratings VALUES (3, 4182 , user10);
INSERT INTO Ratings VALUES (3, 4183 , user10);
INSERT INTO Ratings VALUES (3, 4184 , user10);
INSERT INTO Ratings VALUES (3, 4185 , user10);
INSERT INTO Ratings VALUES (3, 4186 , user10);
INSERT INTO Ratings VALUES (3, 4187 , user10);
INSERT INTO Ratings VALUES (3, 4188 , user10);
INSERT INTO Ratings VALUES (3, 4189 , user10);
INSERT INTO Ratings VALUES (3, 4190 , user10);
INSERT INTO Ratings VALUES (3, 4191 , user10);
INSERT INTO Ratings VALUES (3, 4192 , user10);
INSERT INTO Ratings VALUES (3, 4193 , user10);
INSERT INTO Ratings VALUES (3, 4194 , user10);
INSERT INTO Ratings VALUES (3, 4195 , user10);
INSERT INTO Ratings VALUES (3, 4196 , user10);
INSERT INTO Ratings VALUES (3, 4197 , user10);
INSERT INTO Ratings VALUES (3, 4198 , user10);
INSERT INTO Ratings VALUES (3, 4199 , user10);
INSERT INTO Ratings VALUES (3, 4200 , user10);
INSERT INTO Ratings VALUES (3, 4201 , user10);
INSERT INTO Ratings VALUES (3, 4202 , user10);
INSERT INTO Ratings VALUES (3, 4203 , user10);
INSERT INTO Ratings VALUES (3, 4204 , user10);
INSERT INTO Ratings VALUES (3, 4205 , user10);
INSERT INTO Ratings VALUES (3, 4206 , user10);
INSERT INTO Ratings VALUES (3, 4207 , user10);
INSERT INTO Ratings VALUES (3, 4208 , user10);
INSERT INTO Ratings VALUES (3, 4209 , user10);
INSERT INTO Ratings VALUES (3, 4210 , user10);
INSERT INTO Ratings VALUES (3, 4211 , user10);
INSERT INTO Ratings VALUES (3, 4212 , user10);
INSERT INTO Ratings VALUES (3, 4213 , user10);
INSERT INTO Ratings VALUES (3, 4214 , user10);
INSERT INTO Ratings VALUES (3, 4215 , user10);
INSERT INTO Ratings VALUES (3, 4216 , user10);
INSERT INTO Ratings VALUES (3, 4217 , user10);
INSERT INTO Ratings VALUES (3, 4218 , user10);
INSERT INTO Ratings VALUES (3, 4219 , user10);
INSERT INTO Ratings VALUES (3, 4220 , user10);
INSERT INTO Ratings VALUES (3, 4221 , user10);
INSERT INTO Ratings VALUES (3, 4222 , user10);
INSERT INTO Ratings VALUES (3, 4223 , user10);
INSERT INTO Ratings VALUES (3, 4224 , user10);
INSERT INTO Ratings VALUES (3, 4225 , user10);
INSERT INTO Ratings VALUES (3, 4226 , user10);
INSERT INTO Ratings VALUES (3, 4227 , user10);
INSERT INTO Ratings VALUES (3, 4228 , user10);
INSERT INTO Ratings VALUES (3, 4229 , user10);
INSERT INTO Ratings VALUES (3, 4230 , user10);
INSERT INTO Ratings VALUES (3, 4231 , user10);
INSERT INTO Ratings VALUES (3, 4232 , user10);
INSERT INTO Ratings VALUES (3, 4233 , user10);
INSERT INTO Ratings VALUES (3, 4234 , user10);
INSERT INTO Ratings VALUES (3, 4235 , user10);
INSERT INTO Ratings VALUES (3, 4236 , user10);
INSERT INTO Ratings VALUES (3, 4237 , user10);
INSERT INTO Ratings VALUES (3, 4238 , user10);
INSERT INTO Ratings VALUES (3, 4239 , user10);
INSERT INTO Ratings VALUES (3, 4240 , user10);
INSERT INTO Ratings VALUES (3, 4241 , user10);
INSERT INTO Ratings VALUES (3, 4242 , user10);
INSERT INTO Ratings VALUES (3, 4243 , user10);
INSERT INTO Ratings VALUES (3, 4244 , user10);
INSERT INTO Ratings VALUES (3, 4245 , user10);
INSERT INTO Ratings VALUES (3, 4246 , user10);
INSERT INTO Ratings VALUES (3, 4247 , user10);
INSERT INTO Ratings VALUES (3, 4248 , user10);
INSERT INTO Ratings VALUES (3, 4249 , user10);
INSERT INTO Ratings VALUES (3, 4250 , user10);
INSERT INTO Ratings VALUES (3, 4251 , user10);
INSERT INTO Ratings VALUES (3, 4252 , user10);
INSERT INTO Ratings VALUES (3, 4253 , user10);
INSERT INTO Ratings VALUES (3, 4254 , user10);
INSERT INTO Ratings VALUES (3, 4255 , user10);
INSERT INTO Ratings VALUES (3, 4256 , user10);
INSERT INTO Ratings VALUES (3, 4257 , user10);
INSERT INTO Ratings VALUES (3, 4258 , user10);
INSERT INTO Ratings VALUES (3, 4259 , user10);
INSERT INTO Ratings VALUES (3, 4260 , user10);
INSERT INTO Ratings VALUES (3, 4261 , user10);
INSERT INTO Ratings VALUES (3, 4262 , user10);
INSERT INTO Ratings VALUES (3, 4263 , user10);
INSERT INTO Ratings VALUES (3, 4264 , user10);
INSERT INTO Ratings VALUES (3, 4265 , user10);
INSERT INTO Ratings VALUES (3, 4266 , user10);
INSERT INTO Ratings VALUES (3, 4267 , user10);
INSERT INTO Ratings VALUES (3, 4268 , user10);
INSERT INTO Ratings VALUES (3, 4269 , user10);
INSERT INTO Ratings VALUES (3, 4270 , user10);
INSERT INTO Ratings VALUES (3, 4271 , user10);
INSERT INTO Ratings VALUES (3, 4272 , user10);
INSERT INTO Ratings VALUES (3, 4273 , user10);
INSERT INTO Ratings VALUES (3, 4274 , user10);
INSERT INTO Ratings VALUES (3, 4275 , user10);
INSERT INTO Ratings VALUES (3, 4276 , user10);
INSERT INTO Ratings VALUES (3, 4277 , user10);
INSERT INTO Ratings VALUES (3, 4278 , user10);
INSERT INTO Ratings VALUES (3, 4279 , user10);
INSERT INTO Ratings VALUES (3, 4280 , user10);
INSERT INTO Ratings VALUES (3, 4281 , user10);
INSERT INTO Ratings VALUES (3, 4282 , user10);
INSERT INTO Ratings VALUES (3, 4283 , user10);
INSERT INTO Ratings VALUES (3, 4284 , user10);
INSERT INTO Ratings VALUES (3, 4285 , user10);
INSERT INTO Ratings VALUES (3, 4286 , user10);
INSERT INTO Ratings VALUES (3, 4287 , user10);
INSERT INTO Ratings VALUES (3, 4288 , user10);
INSERT INTO Ratings VALUES (3, 4289 , user10);
INSERT INTO Ratings VALUES (3, 4290 , user10);
INSERT INTO Ratings VALUES (3, 4291 , user10);
INSERT INTO Ratings VALUES (3, 4292 , user10);
INSERT INTO Ratings VALUES (3, 4293 , user10);
INSERT INTO Ratings VALUES (3, 4294 , user10);
INSERT INTO Ratings VALUES (3, 4295 , user10);
INSERT INTO Ratings VALUES (3, 4296 , user10);
INSERT INTO Ratings VALUES (3, 4297 , user10);
INSERT INTO Ratings VALUES (3, 4298 , user10);
INSERT INTO Ratings VALUES (3, 4299 , user10);
INSERT INTO Ratings VALUES (3, 4300 , user10);
INSERT INTO Ratings VALUES (3, 4301 , user10);
INSERT INTO Ratings VALUES (3, 4302 , user10);
INSERT INTO Ratings VALUES (3, 4303 , user10);
INSERT INTO Ratings VALUES (3, 4304 , user10);
INSERT INTO Ratings VALUES (3, 4305 , user10);
INSERT INTO Ratings VALUES (3, 4306 , user10);
INSERT INTO Ratings VALUES (3, 4307 , user10);
INSERT INTO Ratings VALUES (3, 4308 , user10);
INSERT INTO Ratings VALUES (3, 4309 , user10);
INSERT INTO Ratings VALUES (3, 4310 , user10);
INSERT INTO Ratings VALUES (3, 4311 , user10);
INSERT INTO Ratings VALUES (3, 4312 , user10);
INSERT INTO Ratings VALUES (3, 4313 , user10);
INSERT INTO Ratings VALUES (3, 4314 , user10);
INSERT INTO Ratings VALUES (3, 4315 , user10);
INSERT INTO Ratings VALUES (3, 4316 , user10);
INSERT INTO Ratings VALUES (3, 4317 , user10);
INSERT INTO Ratings VALUES (3, 4318 , user10);
INSERT INTO Ratings VALUES (3, 4319 , user10);
INSERT INTO Ratings VALUES (3, 4320 , user10);
INSERT INTO Ratings VALUES (3, 4321 , user10);
INSERT INTO Ratings VALUES (3, 4322 , user10);
INSERT INTO Ratings VALUES (3, 4323 , user10);
INSERT INTO Ratings VALUES (3, 4324 , user10);
INSERT INTO Ratings VALUES (3, 4325 , user10);
INSERT INTO Ratings VALUES (3, 4326 , user10);
INSERT INTO Ratings VALUES (3, 4327 , user10);
INSERT INTO Ratings VALUES (3, 4328 , user10);
INSERT INTO Ratings VALUES (3, 4329 , user10);
INSERT INTO Ratings VALUES (3, 4330 , user10);
INSERT INTO Ratings VALUES (3, 4331 , user10);
INSERT INTO Ratings VALUES (3, 4332 , user10);
INSERT INTO Ratings VALUES (3, 4333 , user10);
INSERT INTO Ratings VALUES (3, 4334 , user10);
INSERT INTO Ratings VALUES (3, 4335 , user10);
INSERT INTO Ratings VALUES (3, 4336 , user10);
INSERT INTO Ratings VALUES (3, 4337 , user10);
INSERT INTO Ratings VALUES (3, 4338 , user10);
INSERT INTO Ratings VALUES (3, 4339 , user10);
INSERT INTO Ratings VALUES (3, 4340 , user10);
INSERT INTO Ratings VALUES (3, 4341 , user10);
INSERT INTO Ratings VALUES (3, 4342 , user10);
INSERT INTO Ratings VALUES (3, 4343 , user10);
INSERT INTO Ratings VALUES (3, 4344 , user10);
INSERT INTO Ratings VALUES (3, 4345 , user10);
INSERT INTO Ratings VALUES (3, 4346 , user10);
INSERT INTO Ratings VALUES (3, 4347 , user10);
INSERT INTO Ratings VALUES (3, 4348 , user10);
INSERT INTO Ratings VALUES (3, 4349 , user10);
INSERT INTO Ratings VALUES (3, 4350 , user10);
INSERT INTO Ratings VALUES (3, 4351 , user10);
INSERT INTO Ratings VALUES (3, 4352 , user10);
INSERT INTO Ratings VALUES (3, 4353 , user10);
INSERT INTO Ratings VALUES (3, 4354 , user10);
INSERT INTO Ratings VALUES (3, 4355 , user10);
INSERT INTO Ratings VALUES (3, 4356 , user10);
INSERT INTO Ratings VALUES (3, 4357 , user10);
INSERT INTO Ratings VALUES (3, 4358 , user10);
INSERT INTO Ratings VALUES (3, 4359 , user10);
INSERT INTO Ratings VALUES (3, 4360 , user10);
INSERT INTO Ratings VALUES (3, 4361 , user10);
INSERT INTO Ratings VALUES (3, 4362 , user10);
INSERT INTO Ratings VALUES (3, 4363 , user10);
INSERT INTO Ratings VALUES (3, 4364 , user10);
INSERT INTO Ratings VALUES (3, 4365 , user10);
INSERT INTO Ratings VALUES (3, 4366 , user10);
INSERT INTO Ratings VALUES (3, 4367 , user10);
INSERT INTO Ratings VALUES (3, 4368 , user10);
INSERT INTO Ratings VALUES (3, 4369 , user10);
INSERT INTO Ratings VALUES (3, 4370 , user10);
INSERT INTO Ratings VALUES (3, 4371 , user10);
INSERT INTO Ratings VALUES (3, 4372 , user10);
INSERT INTO Ratings VALUES (3, 4373 , user10);
INSERT INTO Ratings VALUES (3, 4374 , user10);
INSERT INTO Ratings VALUES (3, 4375 , user10);
INSERT INTO Ratings VALUES (3, 4376 , user10);
INSERT INTO Ratings VALUES (3, 4377 , user10);
INSERT INTO Ratings VALUES (3, 4378 , user10);
INSERT INTO Ratings VALUES (3, 4379 , user10);
INSERT INTO Ratings VALUES (3, 4380 , user10);
INSERT INTO Ratings VALUES (3, 4381 , user10);
INSERT INTO Ratings VALUES (3, 4382 , user10);
INSERT INTO Ratings VALUES (3, 4383 , user10);
INSERT INTO Ratings VALUES (3, 4384 , user10);
INSERT INTO Ratings VALUES (3, 4385 , user10);
INSERT INTO Ratings VALUES (3, 4386 , user10);
INSERT INTO Ratings VALUES (3, 4387 , user10);
INSERT INTO Ratings VALUES (3, 4388 , user10);
INSERT INTO Ratings VALUES (3, 4389 , user10);
INSERT INTO Ratings VALUES (3, 4390 , user10);
INSERT INTO Ratings VALUES (3, 4391 , user10);
INSERT INTO Ratings VALUES (3, 4392 , user10);
INSERT INTO Ratings VALUES (3, 4393 , user10);
INSERT INTO Ratings VALUES (3, 4394 , user10);
INSERT INTO Ratings VALUES (3, 4395 , user10);
INSERT INTO Ratings VALUES (3, 4396 , user10);
INSERT INTO Ratings VALUES (3, 4397 , user10);
INSERT INTO Ratings VALUES (3, 4398 , user10);
INSERT INTO Ratings VALUES (3, 4399 , user10);
INSERT INTO Ratings VALUES (3, 4400 , user10);
INSERT INTO Ratings VALUES (3, 4401 , user10);
INSERT INTO Ratings VALUES (3, 4402 , user10);
INSERT INTO Ratings VALUES (3, 4403 , user10);
INSERT INTO Ratings VALUES (3, 4404 , user10);
INSERT INTO Ratings VALUES (3, 4405 , user10);
INSERT INTO Ratings VALUES (3, 4406 , user10);
INSERT INTO Ratings VALUES (3, 4407 , user10);
INSERT INTO Ratings VALUES (3, 4408 , user10);
INSERT INTO Ratings VALUES (3, 4409 , user10);
INSERT INTO Ratings VALUES (3, 4410 , user10);
INSERT INTO Ratings VALUES (3, 4411 , user10);
INSERT INTO Ratings VALUES (3, 4412 , user10);
INSERT INTO Ratings VALUES (3, 4413 , user10);
INSERT INTO Ratings VALUES (3, 4414 , user10);
INSERT INTO Ratings VALUES (3, 4415 , user10);
INSERT INTO Ratings VALUES (3, 4416 , user10);
INSERT INTO Ratings VALUES (3, 4417 , user10);
INSERT INTO Ratings VALUES (3, 4418 , user10);
INSERT INTO Ratings VALUES (3, 4419 , user10);
INSERT INTO Ratings VALUES (3, 4420 , user10);
INSERT INTO Ratings VALUES (3, 4421 , user10);
INSERT INTO Ratings VALUES (3, 4422 , user10);
INSERT INTO Ratings VALUES (3, 4423 , user10);
INSERT INTO Ratings VALUES (3, 4424 , user10);
INSERT INTO Ratings VALUES (3, 4425 , user10);
INSERT INTO Ratings VALUES (3, 4426 , user10);
INSERT INTO Ratings VALUES (3, 4427 , user10);
INSERT INTO Ratings VALUES (3, 4428 , user10);
INSERT INTO Ratings VALUES (3, 4429 , user10);
INSERT INTO Ratings VALUES (3, 4430 , user10);
INSERT INTO Ratings VALUES (3, 4431 , user10);
INSERT INTO Ratings VALUES (3, 4432 , user10);
INSERT INTO Ratings VALUES (3, 4433 , user10);
INSERT INTO Ratings VALUES (3, 4434 , user10);
INSERT INTO Ratings VALUES (3, 4435 , user10);
INSERT INTO Ratings VALUES (3, 4436 , user10);
INSERT INTO Ratings VALUES (3, 4437 , user10);
INSERT INTO Ratings VALUES (3, 4438 , user10);
INSERT INTO Ratings VALUES (3, 4439 , user10);
INSERT INTO Ratings VALUES (3, 4440 , user10);
INSERT INTO Ratings VALUES (3, 4441 , user10);
INSERT INTO Ratings VALUES (3, 4442 , user10);
INSERT INTO Ratings VALUES (3, 4443 , user10);
INSERT INTO Ratings VALUES (3, 4444 , user10);
INSERT INTO Ratings VALUES (3, 4445 , user10);
INSERT INTO Ratings VALUES (3, 4446 , user10);
INSERT INTO Ratings VALUES (3, 4447 , user10);
INSERT INTO Ratings VALUES (3, 4448 , user10);
INSERT INTO Ratings VALUES (3, 4449 , user10);
INSERT INTO Ratings VALUES (3, 4450 , user10);
INSERT INTO Ratings VALUES (3, 4451 , user10);
INSERT INTO Ratings VALUES (3, 4452 , user10);
INSERT INTO Ratings VALUES (3, 4453 , user10);
INSERT INTO Ratings VALUES (3, 4454 , user10);
INSERT INTO Ratings VALUES (3, 4455 , user10);
INSERT INTO Ratings VALUES (3, 4456 , user10);
INSERT INTO Ratings VALUES (3, 4457 , user10);
INSERT INTO Ratings VALUES (3, 4458 , user10);
INSERT INTO Ratings VALUES (3, 4459 , user10);
INSERT INTO Ratings VALUES (3, 4460 , user10);
INSERT INTO Ratings VALUES (3, 4461 , user10);
INSERT INTO Ratings VALUES (3, 4462 , user10);
INSERT INTO Ratings VALUES (3, 4463 , user10);
INSERT INTO Ratings VALUES (3, 4464 , user10);
INSERT INTO Ratings VALUES (3, 4465 , user10);
INSERT INTO Ratings VALUES (3, 4466 , user10);
INSERT INTO Ratings VALUES (3, 4467 , user10);
INSERT INTO Ratings VALUES (3, 4468 , user10);
INSERT INTO Ratings VALUES (3, 4469 , user10);
INSERT INTO Ratings VALUES (3, 4470 , user10);
INSERT INTO Ratings VALUES (3, 4471 , user10);
INSERT INTO Ratings VALUES (3, 4472 , user10);
INSERT INTO Ratings VALUES (3, 4473 , user10);
INSERT INTO Ratings VALUES (3, 4474 , user10);
INSERT INTO Ratings VALUES (3, 4475 , user10);
INSERT INTO Ratings VALUES (3, 4476 , user10);
INSERT INTO Ratings VALUES (3, 4477 , user10);
INSERT INTO Ratings VALUES (3, 4478 , user10);
INSERT INTO Ratings VALUES (3, 4479 , user10);
INSERT INTO Ratings VALUES (3, 4480 , user10);
INSERT INTO Ratings VALUES (3, 4481 , user10);
INSERT INTO Ratings VALUES (3, 4482 , user10);
INSERT INTO Ratings VALUES (3, 4483 , user10);
INSERT INTO Ratings VALUES (3, 4484 , user10);
INSERT INTO Ratings VALUES (3, 4485 , user10);
INSERT INTO Ratings VALUES (3, 4486 , user10);
INSERT INTO Ratings VALUES (3, 4487 , user10);
INSERT INTO Ratings VALUES (3, 4488 , user10);
INSERT INTO Ratings VALUES (3, 4489 , user10);
INSERT INTO Ratings VALUES (3, 4490 , user10);
INSERT INTO Ratings VALUES (3, 4491 , user10);
INSERT INTO Ratings VALUES (3, 4492 , user10);
INSERT INTO Ratings VALUES (3, 4493 , user10);
INSERT INTO Ratings VALUES (3, 4494 , user10);
INSERT INTO Ratings VALUES (3, 4495 , user10);
INSERT INTO Ratings VALUES (3, 4496 , user10);
INSERT INTO Ratings VALUES (3, 4497 , user10);
INSERT INTO Ratings VALUES (3, 4498 , user10);
INSERT INTO Ratings VALUES (3, 4499 , user10);
INSERT INTO Ratings VALUES (3, 4500 , user10);
INSERT INTO Ratings VALUES (3, 4501 , user10);
INSERT INTO Ratings VALUES (3, 4502 , user10);
INSERT INTO Ratings VALUES (3, 4503 , user10);
INSERT INTO Ratings VALUES (3, 4504 , user10);
INSERT INTO Ratings VALUES (3, 4505 , user10);
INSERT INTO Ratings VALUES (3, 4506 , user10);
INSERT INTO Ratings VALUES (3, 4507 , user10);
INSERT INTO Ratings VALUES (3, 4508 , user10);
INSERT INTO Ratings VALUES (3, 4509 , user10);
INSERT INTO Ratings VALUES (3, 4510 , user10);
INSERT INTO Ratings VALUES (3, 4511 , user10);
INSERT INTO Ratings VALUES (3, 4512 , user10);
INSERT INTO Ratings VALUES (3, 4513 , user10);
INSERT INTO Ratings VALUES (3, 4514 , user10);
INSERT INTO Ratings VALUES (3, 4515 , user10);
INSERT INTO Ratings VALUES (3, 4516 , user10);
INSERT INTO Ratings VALUES (3, 4517 , user10);
INSERT INTO Ratings VALUES (3, 4518 , user10);
INSERT INTO Ratings VALUES (3, 4519 , user10);
INSERT INTO Ratings VALUES (3, 4520 , user10);
INSERT INTO Ratings VALUES (3, 4521 , user10);
INSERT INTO Ratings VALUES (3, 4522 , user10);
INSERT INTO Ratings VALUES (3, 4523 , user10);
INSERT INTO Ratings VALUES (3, 4524 , user10);
INSERT INTO Ratings VALUES (3, 4525 , user10);
INSERT INTO Ratings VALUES (3, 4526 , user10);
INSERT INTO Ratings VALUES (3, 4527 , user10);
INSERT INTO Ratings VALUES (3, 4528 , user10);
INSERT INTO Ratings VALUES (3, 4529 , user10);
INSERT INTO Ratings VALUES (3, 4530 , user10);
INSERT INTO Ratings VALUES (3, 4531 , user10);
INSERT INTO Ratings VALUES (3, 4532 , user10);
INSERT INTO Ratings VALUES (3, 4533 , user10);
INSERT INTO Ratings VALUES (3, 4534 , user10);
INSERT INTO Ratings VALUES (3, 4535 , user10);
INSERT INTO Ratings VALUES (3, 4536 , user10);
INSERT INTO Ratings VALUES (3, 4537 , user10);
INSERT INTO Ratings VALUES (3, 4538 , user10);
INSERT INTO Ratings VALUES (3, 4539 , user10);
INSERT INTO Ratings VALUES (3, 4540 , user10);
INSERT INTO Ratings VALUES (3, 4541 , user10);
INSERT INTO Ratings VALUES (3, 4542 , user10);
INSERT INTO Ratings VALUES (3, 4543 , user10);
INSERT INTO Ratings VALUES (3, 4544 , user10);
INSERT INTO Ratings VALUES (3, 4545 , user10);
INSERT INTO Ratings VALUES (3, 4546 , user10);
INSERT INTO Ratings VALUES (3, 4547 , user10);
INSERT INTO Ratings VALUES (3, 4548 , user10);
INSERT INTO Ratings VALUES (3, 4549 , user10);
INSERT INTO Ratings VALUES (3, 4550 , user10);
INSERT INTO Ratings VALUES (3, 4551 , user10);
INSERT INTO Ratings VALUES (3, 4552 , user10);
INSERT INTO Ratings VALUES (3, 4553 , user10);
INSERT INTO Ratings VALUES (3, 4554 , user10);
INSERT INTO Ratings VALUES (3, 4555 , user10);
INSERT INTO Ratings VALUES (3, 4556 , user10);
INSERT INTO Ratings VALUES (3, 4557 , user10);
INSERT INTO Ratings VALUES (3, 4558 , user10);
INSERT INTO Ratings VALUES (3, 4559 , user10);
INSERT INTO Ratings VALUES (3, 4560 , user10);
INSERT INTO Ratings VALUES (3, 4561 , user10);
INSERT INTO Ratings VALUES (3, 4562 , user10);
INSERT INTO Ratings VALUES (3, 4563 , user10);
INSERT INTO Ratings VALUES (3, 4564 , user10);
INSERT INTO Ratings VALUES (3, 4565 , user10);
INSERT INTO Ratings VALUES (3, 4566 , user10);
INSERT INTO Ratings VALUES (3, 4567 , user10);
INSERT INTO Ratings VALUES (3, 4568 , user10);
INSERT INTO Ratings VALUES (3, 4569 , user10);
INSERT INTO Ratings VALUES (3, 4570 , user10);
INSERT INTO Ratings VALUES (3, 4571 , user10);
INSERT INTO Ratings VALUES (3, 4572 , user10);
INSERT INTO Ratings VALUES (3, 4573 , user10);
INSERT INTO Ratings VALUES (3, 4574 , user10);
INSERT INTO Ratings VALUES (3, 4575 , user10);
INSERT INTO Ratings VALUES (3, 4576 , user10);
INSERT INTO Ratings VALUES (3, 4577 , user10);
INSERT INTO Ratings VALUES (3, 4578 , user10);
INSERT INTO Ratings VALUES (3, 4579 , user10);
INSERT INTO Ratings VALUES (3, 4580 , user10);
INSERT INTO Ratings VALUES (3, 4581 , user10);
INSERT INTO Ratings VALUES (3, 4582 , user10);
INSERT INTO Ratings VALUES (3, 4583 , user10);
INSERT INTO Ratings VALUES (3, 4584 , user10);
INSERT INTO Ratings VALUES (3, 4585 , user10);
INSERT INTO Ratings VALUES (3, 4586 , user10);
INSERT INTO Ratings VALUES (3, 4587 , user10);
INSERT INTO Ratings VALUES (3, 4588 , user10);
INSERT INTO Ratings VALUES (3, 4589 , user10);
INSERT INTO Ratings VALUES (3, 4590 , user10);
INSERT INTO Ratings VALUES (3, 4591 , user10);
INSERT INTO Ratings VALUES (3, 4592 , user10);
INSERT INTO Ratings VALUES (3, 4593 , user10);
INSERT INTO Ratings VALUES (3, 4594 , user10);
INSERT INTO Ratings VALUES (3, 4595 , user10);
INSERT INTO Ratings VALUES (3, 4596 , user10);
INSERT INTO Ratings VALUES (3, 4597 , user10);
INSERT INTO Ratings VALUES (3, 4598 , user10);
INSERT INTO Ratings VALUES (3, 4599 , user10);
INSERT INTO Ratings VALUES (3, 4600 , user10);
INSERT INTO Ratings VALUES (3, 4601 , user10);
INSERT INTO Ratings VALUES (3, 4602 , user10);
INSERT INTO Ratings VALUES (3, 4603 , user10);
INSERT INTO Ratings VALUES (3, 4604 , user10);
INSERT INTO Ratings VALUES (3, 4605 , user10);
INSERT INTO Ratings VALUES (3, 4606 , user10);
INSERT INTO Ratings VALUES (3, 4607 , user10);
INSERT INTO Ratings VALUES (3, 4608 , user10);
INSERT INTO Ratings VALUES (3, 4609 , user10);
INSERT INTO Ratings VALUES (3, 4610 , user10);
INSERT INTO Ratings VALUES (3, 4611 , user10);
INSERT INTO Ratings VALUES (3, 4612 , user10);
INSERT INTO Ratings VALUES (3, 4613 , user10);
INSERT INTO Ratings VALUES (3, 4614 , user10);
INSERT INTO Ratings VALUES (3, 4615 , user10);
INSERT INTO Ratings VALUES (3, 4616 , user10);
INSERT INTO Ratings VALUES (3, 4617 , user10);
INSERT INTO Ratings VALUES (3, 4618 , user10);
INSERT INTO Ratings VALUES (3, 4619 , user10);
INSERT INTO Ratings VALUES (3, 4620 , user10);
INSERT INTO Ratings VALUES (3, 4621 , user10);
INSERT INTO Ratings VALUES (3, 4622 , user10);
INSERT INTO Ratings VALUES (3, 4623 , user10);
INSERT INTO Ratings VALUES (3, 4624 , user10);
INSERT INTO Ratings VALUES (3, 4625 , user10);
INSERT INTO Ratings VALUES (3, 4626 , user10);
INSERT INTO Ratings VALUES (3, 4627 , user10);
INSERT INTO Ratings VALUES (3, 4628 , user10);
INSERT INTO Ratings VALUES (3, 4629 , user10);
INSERT INTO Ratings VALUES (3, 4630 , user10);
INSERT INTO Ratings VALUES (3, 4631 , user10);
INSERT INTO Ratings VALUES (3, 4632 , user10);
INSERT INTO Ratings VALUES (3, 4633 , user10);
INSERT INTO Ratings VALUES (3, 4634 , user10);
INSERT INTO Ratings VALUES (3, 4635 , user10);
INSERT INTO Ratings VALUES (3, 4636 , user10);
INSERT INTO Ratings VALUES (3, 4637 , user10);
INSERT INTO Ratings VALUES (3, 4638 , user10);
INSERT INTO Ratings VALUES (3, 4639 , user10);
INSERT INTO Ratings VALUES (3, 4640 , user10);
INSERT INTO Ratings VALUES (3, 4641 , user10);
INSERT INTO Ratings VALUES (3, 4642 , user10);
INSERT INTO Ratings VALUES (3, 4643 , user10);
INSERT INTO Ratings VALUES (3, 4644 , user10);
INSERT INTO Ratings VALUES (3, 4645 , user10);
INSERT INTO Ratings VALUES (3, 4646 , user10);
INSERT INTO Ratings VALUES (3, 4647 , user10);
INSERT INTO Ratings VALUES (3, 4648 , user10);
INSERT INTO Ratings VALUES (3, 4649 , user10);
INSERT INTO Ratings VALUES (3, 4650 , user10);
INSERT INTO Ratings VALUES (3, 4651 , user10);
INSERT INTO Ratings VALUES (3, 4652 , user10);
INSERT INTO Ratings VALUES (3, 4653 , user10);
INSERT INTO Ratings VALUES (3, 4654 , user10);
INSERT INTO Ratings VALUES (3, 4655 , user10);
INSERT INTO Ratings VALUES (3, 4656 , user10);
INSERT INTO Ratings VALUES (3, 4657 , user10);
INSERT INTO Ratings VALUES (3, 4658 , user10);
INSERT INTO Ratings VALUES (3, 4659 , user10);
INSERT INTO Ratings VALUES (3, 4660 , user10);
INSERT INTO Ratings VALUES (3, 4661 , user10);
INSERT INTO Ratings VALUES (3, 4662 , user10);
INSERT INTO Ratings VALUES (3, 4663 , user10);
INSERT INTO Ratings VALUES (3, 4664 , user10);
INSERT INTO Ratings VALUES (3, 4665 , user10);
INSERT INTO Ratings VALUES (3, 4666 , user10);
INSERT INTO Ratings VALUES (3, 4667 , user10);
INSERT INTO Ratings VALUES (3, 4668 , user10);
INSERT INTO Ratings VALUES (3, 4669 , user10);
INSERT INTO Ratings VALUES (3, 4670 , user10);
INSERT INTO Ratings VALUES (3, 4671 , user10);
INSERT INTO Ratings VALUES (3, 4672 , user10);
INSERT INTO Ratings VALUES (3, 4673 , user10);
INSERT INTO Ratings VALUES (3, 4674 , user10);
INSERT INTO Ratings VALUES (3, 4675 , user10);
INSERT INTO Ratings VALUES (3, 4676 , user10);
INSERT INTO Ratings VALUES (3, 4677 , user10);
INSERT INTO Ratings VALUES (3, 4678 , user10);
INSERT INTO Ratings VALUES (3, 4679 , user10);
INSERT INTO Ratings VALUES (3, 4680 , user10);
INSERT INTO Ratings VALUES (3, 4681 , user10);
INSERT INTO Ratings VALUES (3, 4682 , user10);
INSERT INTO Ratings VALUES (3, 4683 , user10);
INSERT INTO Ratings VALUES (3, 4684 , user10);
INSERT INTO Ratings VALUES (3, 4685 , user10);
INSERT INTO Ratings VALUES (3, 4686 , user10);
INSERT INTO Ratings VALUES (3, 4687 , user10);
INSERT INTO Ratings VALUES (3, 4688 , user10);
INSERT INTO Ratings VALUES (3, 4689 , user10);
INSERT INTO Ratings VALUES (3, 4690 , user10);
INSERT INTO Ratings VALUES (3, 4691 , user10);
INSERT INTO Ratings VALUES (3, 4692 , user10);
INSERT INTO Ratings VALUES (3, 4693 , user10);
INSERT INTO Ratings VALUES (3, 4694 , user10);
INSERT INTO Ratings VALUES (3, 4695 , user10);
INSERT INTO Ratings VALUES (3, 4696 , user10);
INSERT INTO Ratings VALUES (3, 4697 , user10);
INSERT INTO Ratings VALUES (3, 4698 , user10);
INSERT INTO Ratings VALUES (3, 4699 , user10);
INSERT INTO Ratings VALUES (3, 4700 , user10);
INSERT INTO Ratings VALUES (3, 4701 , user10);
INSERT INTO Ratings VALUES (3, 4702 , user10);
INSERT INTO Ratings VALUES (3, 4703 , user10);
INSERT INTO Ratings VALUES (3, 4704 , user10);
INSERT INTO Ratings VALUES (3, 4705 , user10);
INSERT INTO Ratings VALUES (3, 4706 , user10);
INSERT INTO Ratings VALUES (3, 4707 , user10);
INSERT INTO Ratings VALUES (3, 4708 , user10);
INSERT INTO Ratings VALUES (3, 4709 , user10);
INSERT INTO Ratings VALUES (3, 4710 , user10);
INSERT INTO Ratings VALUES (3, 4711 , user10);
INSERT INTO Ratings VALUES (3, 4712 , user10);
INSERT INTO Ratings VALUES (3, 4713 , user10);
INSERT INTO Ratings VALUES (3, 4714 , user10);
INSERT INTO Ratings VALUES (3, 4715 , user10);
INSERT INTO Ratings VALUES (3, 4716 , user10);
INSERT INTO Ratings VALUES (3, 4717 , user10);
INSERT INTO Ratings VALUES (3, 4718 , user10);
INSERT INTO Ratings VALUES (3, 4719 , user10);
INSERT INTO Ratings VALUES (3, 4720 , user10);
INSERT INTO Ratings VALUES (3, 4721 , user10);
INSERT INTO Ratings VALUES (3, 4722 , user10);
INSERT INTO Ratings VALUES (3, 4723 , user10);
INSERT INTO Ratings VALUES (3, 4724 , user10);
INSERT INTO Ratings VALUES (3, 4725 , user10);
INSERT INTO Ratings VALUES (3, 4726 , user10);
INSERT INTO Ratings VALUES (3, 4727 , user10);
INSERT INTO Ratings VALUES (3, 4728 , user10);
INSERT INTO Ratings VALUES (3, 4729 , user10);
INSERT INTO Ratings VALUES (3, 4730 , user10);
INSERT INTO Ratings VALUES (3, 4731 , user10);
INSERT INTO Ratings VALUES (3, 4732 , user10);
INSERT INTO Ratings VALUES (3, 4733 , user10);
INSERT INTO Ratings VALUES (3, 4734 , user10);
INSERT INTO Ratings VALUES (3, 4735 , user10);
INSERT INTO Ratings VALUES (3, 4736 , user10);
INSERT INTO Ratings VALUES (3, 4737 , user10);
INSERT INTO Ratings VALUES (3, 4738 , user10);
INSERT INTO Ratings VALUES (3, 4739 , user10);
INSERT INTO Ratings VALUES (3, 4740 , user10);
INSERT INTO Ratings VALUES (3, 4741 , user10);
INSERT INTO Ratings VALUES (3, 4742 , user10);
INSERT INTO Ratings VALUES (3, 4743 , user10);
INSERT INTO Ratings VALUES (3, 4744 , user10);
INSERT INTO Ratings VALUES (3, 4745 , user10);
INSERT INTO Ratings VALUES (3, 4746 , user10);
INSERT INTO Ratings VALUES (3, 4747 , user10);
INSERT INTO Ratings VALUES (3, 4748 , user10);
INSERT INTO Ratings VALUES (3, 4749 , user10);
INSERT INTO Ratings VALUES (3, 4750 , user10);
INSERT INTO Ratings VALUES (3, 4751 , user10);
INSERT INTO Ratings VALUES (3, 4752 , user10);
INSERT INTO Ratings VALUES (3, 4753 , user10);
INSERT INTO Ratings VALUES (3, 4754 , user10);
INSERT INTO Ratings VALUES (3, 4755 , user10);
INSERT INTO Ratings VALUES (3, 4756 , user10);
INSERT INTO Ratings VALUES (3, 4757 , user10);
INSERT INTO Ratings VALUES (3, 4758 , user10);
INSERT INTO Ratings VALUES (3, 4759 , user10);
INSERT INTO Ratings VALUES (3, 4760 , user10);
INSERT INTO Ratings VALUES (3, 4761 , user10);
INSERT INTO Ratings VALUES (3, 4762 , user10);
INSERT INTO Ratings VALUES (3, 4763 , user10);
INSERT INTO Ratings VALUES (3, 4764 , user10);
INSERT INTO Ratings VALUES (3, 4765 , user10);
INSERT INTO Ratings VALUES (3, 4766 , user10);
INSERT INTO Ratings VALUES (3, 4767 , user10);
INSERT INTO Ratings VALUES (3, 4768 , user10);
INSERT INTO Ratings VALUES (3, 4769 , user10);
INSERT INTO Ratings VALUES (3, 4770 , user10);
INSERT INTO Ratings VALUES (3, 4771 , user10);
INSERT INTO Ratings VALUES (3, 4772 , user10);
INSERT INTO Ratings VALUES (3, 4773 , user10);
INSERT INTO Ratings VALUES (3, 4774 , user10);
INSERT INTO Ratings VALUES (3, 4775 , user10);
INSERT INTO Ratings VALUES (3, 4776 , user10);
INSERT INTO Ratings VALUES (3, 4777 , user10);
INSERT INTO Ratings VALUES (3, 4778 , user10);
INSERT INTO Ratings VALUES (3, 4779 , user10);
INSERT INTO Ratings VALUES (3, 4780 , user10);
INSERT INTO Ratings VALUES (3, 4781 , user10);
INSERT INTO Ratings VALUES (3, 4782 , user10);
INSERT INTO Ratings VALUES (3, 4783 , user10);
INSERT INTO Ratings VALUES (3, 4784 , user10);
INSERT INTO Ratings VALUES (3, 4785 , user10);
INSERT INTO Ratings VALUES (3, 4786 , user10);
INSERT INTO Ratings VALUES (3, 4787 , user10);
INSERT INTO Ratings VALUES (3, 4788 , user10);
INSERT INTO Ratings VALUES (3, 4789 , user10);
INSERT INTO Ratings VALUES (3, 4790 , user10);
INSERT INTO Ratings VALUES (3, 4791 , user10);
INSERT INTO Ratings VALUES (3, 4792 , user10);
INSERT INTO Ratings VALUES (3, 4793 , user10);
INSERT INTO Ratings VALUES (3, 4794 , user10);
INSERT INTO Ratings VALUES (3, 4795 , user10);
INSERT INTO Ratings VALUES (3, 4796 , user10);
INSERT INTO Ratings VALUES (3, 4797 , user10);
INSERT INTO Ratings VALUES (3, 4798 , user10);
INSERT INTO Ratings VALUES (3, 4799 , user10);
INSERT INTO Ratings VALUES (3, 4800 , user10);
INSERT INTO Ratings VALUES (3, 4801 , user10);

