-- User 1
INSERT INTO Users VALUES ('user1', 'user1password');
-- User1 favorites
INSERT INTO Favorites VALUES ('user1', 467);
INSERT INTO Favorites VALUES ('user1', 822);
INSERT INTO Favorites VALUES ('user1', 174);
INSERT INTO Favorites VALUES ('user1', 632);
INSERT INTO Favorites VALUES ('user1', 1398);
--'user1' Ratings
INSERT INTO Ratings VALUES (2, 546, 'user1');
INSERT INTO Ratings VALUES (3, 1456, 'user1');
INSERT INTO Ratings VALUES (5, 822, 'user1');

-- User 2
INSERT INTO Users VALUES ('user2', 'user2password');
-- User2 favorites
INSERT INTO Favorites VALUES ('user2', 367);
INSERT INTO Favorites VALUES ('user2', 53);
--'user2' Ratings
INSERT INTO Ratings VALUES (5, 367, 'user2');
INSERT INTO Ratings VALUES (4, 822, 'user2');

-- User 3
INSERT INTO Users VALUES ('user3', 'user3password');
-- 'user3' favorites
INSERT INTO Favorites VALUES ('user3', 234);
INSERT INTO Favorites VALUES ('user3', 3345);
INSERT INTO Favorites VALUES ('user3', 1364);
INSERT INTO Favorites VALUES ('user3', 136);
INSERT INTO Favorites VALUES ('user3', 1234);
--'user3' Ratings
INSERT INTO Ratings VALUES (5, 234, 'user3');
INSERT INTO Ratings VALUES (5, 3345, 'user3');
INSERT INTO Ratings VALUES (5, 1364, 'user3');
INSERT INTO Ratings VALUES (5, 136, 'user3');
INSERT INTO Ratings VALUES (5, 1234, 'user3');

-- User 4
INSERT INTO Users VALUES ('user4', 'user4password');
-- 'user4' favorites
INSERT INTO Favorites VALUES ('user4', 2795);
INSERT INTO Favorites VALUES ('user4', 953);
INSERT INTO Favorites VALUES ('user4', 9);
INSERT INTO Favorites VALUES ('user4', 138);
INSERT INTO Favorites VALUES ('user4', 80);
INSERT INTO Favorites VALUES ('user4', 214);
INSERT INTO Favorites VALUES ('user4', 1258);
INSERT INTO Favorites VALUES ('user4', 39);
INSERT INTO Favorites VALUES ('user4', 867);
--'user4' Ratings
INSERT INTO Ratings VALUES (5, 953, 'user4');
INSERT INTO Ratings VALUES (4, 149, 'user4');
INSERT INTO Ratings VALUES (3, 154, 'user4');
INSERT INTO Ratings VALUES (4, 1, 'user4');
INSERT INTO Ratings VALUES (0, 52, 'user4');
INSERT INTO Ratings VALUES (3, 732, 'user4');
INSERT INTO Ratings VALUES (2, 443, 'user4');
INSERT INTO Ratings VALUES (1, 64, 'user4');
INSERT INTO Ratings VALUES (2, 676, 'user4');
INSERT INTO Ratings VALUES (4, 257, 'user4');
INSERT INTO Ratings VALUES (5, 80, 'user4');
INSERT INTO Ratings VALUES (2, 885, 'user4');
INSERT INTO Ratings VALUES (5, 167, 'user4');
INSERT INTO Ratings VALUES (3, 4003, 'user4');
INSERT INTO Ratings VALUES (4, 822, 'user4');

